Workbook

Sheet Instructions
A1: Data Entry Accuracy & Speed Tracker
A2: Bulk Customer Record Entry | Validation Rules | Speed & Accuracy Measurement
A4: PROJECT OVERVIEW
A5: This tool simulates a real MIS / Data Entry workflow: raw customer records are entered into a
A6: structured Excel sheet, checked automatically against data validation rules, and each entry batch
A7: is timed to measure typing speed (WPM) and accuracy.
A9: SHEETS IN THIS WORKBOOK
A10: 1. Instructions - this page
A11: 2. Data_Entry - structured entry grid with dropdowns, validation formulas and error flags
A12: 3. Speed_Accuracy_Tracker - batch-wise typing speed (WPM) and accuracy % dashboard
A13: 4. Lists - lookup lists used for dropdown validation (State, Payment Mode, Product) - reference only
A15: COLOR LEGEND (Data_Entry sheet)
... A43: extended down to row 701 - they will calculate automatically as you type.

Sheet Lists
A1: Valid_States | B1: Valid_Payment_Modes | C1: Valid_Products
A2: Odisha | B2: Cash | C2: Wireless Mouse
A3: West Bengal | B3: UPI | C3: Office Chair
A4: Bihar | B4: Credit Card | C4: LED Desk Lamp
A5: Jharkhand | B5: Debit Card | C5: Laptop Stand
A6: Chhattisgarh | B6: Net Banking | C6: Bluetooth Speaker
A7: Maharashtra | B7: Cheque | C7: Printer Cartridge
A8: Delhi | C8: A4 Paper Ream
A9: Uttar Pradesh | C9: USB Hard Drive
A10: Madhya Pradesh | C10: Keyboard
A11: Karnataka | C11: Webcam
A12: Tamil Nadu | C12: Whiteboard Marker Set
A13: Telangana | C13: File Organizer
A14: Andhra Pradesh | C14: Power Bank
A15: Gujarat | C15: Wall Clock
A16: Rajasthan | C16: Table Fan
A17: Punjab
A18: Kerala
A19: Assam
A20: Haryana

Sheet Data_Entry
A1: S.No | B1: Batch_No | C1: Customer_ID | D1: Full_Name | E1: Phone_Number | F1: Email | G1: Address | H1: City | I1: State | J1: Pincode | K1: Date_of_Registration | L1: Product_Purchased | M1: Amount_Paid | N1: Payment_Mode | O1: Word_Count | P1: Validation_Status | Q1: Error_Details | R1: Duplicate_Flag
A2: 1 | B2: 1 | C2: CUST00001 | D2: Aryan Maharaj | E2: 9332181960 | F2: aryan.maharaj31@gmail.com | G2: 218, Sami Zila | H2: Ranchi | I2: Jharkhand | J2: 338908 | K2: 12/02/2024 | L2: File Organizer | M2: 10467.17 | N2: Net Banking | O2: =IFERROR(LEN(C2&D2&E2&F2&G2&H2&I2&J2&K2&L2&M2&N2)/5,0) -> 27 | P2: =IF(OR(D2="",C2=""),"",IF((IFERROR(IF(AND(TRIM(D2)=D2,LEN(D2)>0),0,1),1)+IFERROR(IF(AND(LEN(E2)=10,ISNUMBER(VALUE(E2))),0,1),1)+IFERROR(IF(AND(ISNUMBER(SEARCH("@",F2)),ISNUMBER(SEARCH(".",F2))),0,1),1)+IFERROR(IF(AND(LEN(J2)=6,ISNUMBER(VALUE(J2))),0,1),1)+IFERROR(IF(ISNUMBER(MATCH(TRIM(I2),Lists!$A$2:$A$20,0)),0,1),1)+IFERROR(IF(AND(LEN(K2)=10,VALUE(LEFT(K2,FIND("/",K2)-1))>=1,VALUE(LEFT(K2,FIND("/",K2)-1))<=31,VALUE(LEFT(MID(K2,FIND("/",K2)+1,10),FIND("/",MID(K2,FIND("/",K2)+1,10))-1))>=1,VALUE(LEFT(MID(K2,FIND("/",K2)+1,10),FIND("/",MID(K2,FIND("/",K2)+1,10))-1))<=12,VALUE(LEFT(K2,FIND("/",K2)-1))<=DAY(EOMONTH(DATE(VALUE(MID(MID(K2,FIND("/",K2)+1,10),FIND("/",MID(K2,FIND("/",K2)+1,10))+1,4)),VALUE(LEFT(MID(K2,FIND("/",K2)+1,10),FIND("/",MID(K2,FIND("/",K2)+1,10))-1)),1),0))),0,1),1)+IFERROR(IF(M2>=0,0,1),1)+IFERROR(IF(ISNUMBER(MATCH(N2,Lists!$B$2:$B$7,0)),0,1),1))=0,"OK","ERROR")) -> OK | Q2: =IF(D2="","",TRIM(IF(IFERROR(IF(AND(TRIM(D2)=D2,LEN(D2)>0),0,1),1)=1,"Name; ","")&IF(IFERROR(IF(AND(LEN(E2)=10,ISNUMBER(VALUE(E2))),0,1),1)=1,"Phone; ","")&IF(IFERROR(IF(AND(ISNUMBER(SEARCH("@",F2)),ISNUMBER(SEARCH(".",F2))),0,1),1)=1,"Email; ","")&IF(IFERROR(IF(AND(LEN(J2)=6,ISNUMBER(VALUE(J2))),0,1),1)=1,"Pincode; ","")&IF(IFERROR(IF(ISNUMBER(MATCH(TRIM(I2),Lists!$A$2:$A$20,0)),0,1),1)=1,"State; ","")&IF(IFERROR(IF(AND(LEN(K2)=10,VALUE(LEFT(K2,FIND("/",K2)-1))>=1,VALUE(LEFT(K2,FIND("/",K2)-1))<=31,VALUE(LEFT(MID(K2,FIND("/",K2)+1,10),FIND("/",MID(K2,FIND("/",K2)+1,10))-1))>=1,VALUE(LEFT(MID(K2,FIND("/",K2)+1,10),FIND("/",MID(K2,FIND("/",K2)+1,10))-1))<=12,VALUE(LEFT(K2,FIND("/",K2)-1))<=DAY(EOMONTH(DATE(VALUE(MID(MID(K2,FIND("/",K2)+1,10),FIND("/",MID(K2,FIND("/",K2)+1,10))+1,4)),VALUE(LEFT(MID(K2,FIND("/",K2)+1,10),FIND("/",MID(K2,FIND("/",K2)+1,10))-1)),1),0))),0,1),1)=1,"Date; ","")&IF(IFERROR(IF(M2>=0,0,1),1)=1,"Amount; ","")&IF(IFERROR(IF(ISNUMBER(MATCH(N2,Lists!$B$2:$B$7,0)),0,1),1)=1,"Payment; ",""))) | R2: =IF(D2="","",IF(COUNTIFS($D$2:$D$701,D2,$E$2:$E$701,E2)>1,"DUPLICATE","Unique")) -> Unique
A3: 2 | B3: 1 | C3: CUST00002 | D3: Ayushman Chander | E3: 9402654235 | F3: ayushman.chander105@gmail.com | G3: 890, Issac Circle | H3: Ahmedabad | I3: Gujarat | J3: 615594 | K3: 30/03/2023 | L3: File Organizer | M3: 7457.91 | N3: Cash | O3: =IFERROR(LEN(C3&D3&E3&F3&G3&H3&I3&J3&K3&L3&M3&N3)/5,0) -> 27.6 | P3: =IF(OR(D3="",C3=""),"",IF((IFERROR(IF(AND(TRIM(D3)=D3,LEN(D3)>0),0,1),1)+IFERROR(IF(AND(LEN(E3)=10,ISNUMBER(VALUE(E3))),0,1),1)+IFERROR(IF(AND(ISNUMBER(SEARCH("@",F3)),ISNUMBER(SEARCH(".",F3))),0,1),1)+IFERROR(IF(AND(LEN(J3)=6,ISNUMBER(VALUE(J3))),0,1),1)+IFERROR(IF(ISNUMBER(MATCH(TRIM(I3),Lists!$A$2:$A$20,0)),0,1),1)+IFERROR(IF(AND(LEN(K3)=10,VALUE(LEFT(K3,FIND("/",K3)-1))>=1,VALUE(LEFT(K3,FIND("/",K3)-1))<=31,VALUE(LEFT(MID(K3,FIND("/",K3)+1,10),FIND("/",MID(K3,FIND("/",K3)+1,10))-1))>=1,VALUE(LEFT(MID(K3,FIND("/",K3)+1,10),FIND("/",MID(K3,FIND("/",K3)+1,10))-1))<=12,VALUE(LEFT(K3,FIND("/",K3)-1))<=DAY(EOMONTH(DATE(VALUE(MID(MID(K3,FIND("/",K3)+1,10),FIND("/",MID(K3,FIND("/",K3)+1,10))+1,4)),VALUE(LEFT(MID(K3,FIND("/",K3)+1,10),FIND("/",MID(K3,FIND("/",K3)+1,10))-1)),1),0))),0,1),1)+IFERROR(IF(M3>=0,0,1),1)+IFERROR(IF(ISNUMBER(MATCH(N3,Lists!$B$2:$B$7,0)),0,1),1))=0,"OK","ERROR")) -> OK | Q3: =IF(D3="","",TRIM(IF(IFERROR(IF(AND(TRIM(D3)=D3,LEN(D3)>0),0,1),1)=1,"Name; ","")&IF(IFERROR(IF(AND(LEN(E3)=10,ISNUMBER(VALUE(E3))),0,1),1)=1,"Phone; ","")&IF(IFERROR(IF(AND(ISNUMBER(SEARCH("@",F3)),ISNUMBER(SEARCH(".",F3))),0,1),1)=1,"Email; ","")&IF(IFERROR(IF(AND(LEN(J3)=6,ISNUMBER(VALUE(J3))),0,1),1)=1,"Pincode; ","")&IF(IFERROR(IF(ISNUMBER(MATCH(TRIM(I3),Lists!$A$2:$A$20,0)),0,1),1)=1,"State; ","")&IF(IFERROR(IF(AND(LEN(K3)=10,VALUE(LEFT(K3,FIND("/",K3)-1))>=1,VALUE(LEFT(K3,FIND("/",K3)-1))<=31,VALUE(LEFT(MID(K3,FIND("/",K3)+1,10),FIND("/",MID(K3,FIND("/",K3)+1,10))-1))>=1,VALUE(LEFT(MID(K3,FIND("/",K3)+1,10),FIND("/",MID(K3,FIND("/",K3)+1,10))-1))<=12,VALUE(LEFT(K3,FIND("/",K3)-1))<=DAY(EOMONTH(DATE(VALUE(MID(MID(K3,FIND("/",K3)+1,10),FIND("/",MID(K3,FIND("/",K3)+1,10))+1,4)),VALUE(LEFT(MID(K3,FIND("/",K3)+1,10),FIND("/",MID(K3,FIND("/",K3)+1,10))-1)),1),0))),0,1),1)=1,"Date; ","")&IF(IFERROR(IF(M3>=0,0,1),1)=1,"Amount; ","")&IF(IFERROR(IF(ISNUMBER(MATCH(N3,Lists!$B$2:$B$7,0)),0,1),1)=1,"Payment; ",""))) | R3: =IF(D3="","",IF(COUNTIFS($D$2:$D$701,D3,$E$2:$E$701,E3)>1,"DUPLICATE","Unique")) -> Unique
A4: 3 | B4: 1 | C4: CUST00003 | D4: Thomas Sen | E4: 9959310341 | F4: thomas.sen876@gmail.com | G4: H.No. 265, Dugal Road | H4: Vijayawada | I4: Andhra Pradesh | J4: 164752 | K4: 28/01/2025 | L4: Printer Cartridge | M4: 3509.21 | N4: Credit Card | O4: =IFERROR(LEN(C4&D4&E4&F4&G4&H4&I4&J4&K4&L4&M4&N4)/5,0) -> 29.6 | P4: =IF(OR(D4="",C4=""),"",IF((IFERROR(IF(AND(TRIM(D4)=D4,LEN(D4)>0),0,1),1)+IFERROR(IF(AND(LEN(E4)=10,ISNUMBER(VALUE(E4))),0,1),1)+IFERROR(IF(AND(ISNUMBER(SEARCH("@",F4)),ISNUMBER(SEARCH(".",F4))),0,1),1)+IFERROR(IF(AND(LEN(J4)=6,ISNUMBER(VALUE(J4))),0,1),1)+IFERROR(IF(ISNUMBER(MATCH(TRIM(I4),Lists!$A$2:$A$20,0)),0,1),1)+IFERROR(IF(AND(LEN(K4)=10,VALUE(LEFT(K4,FIND("/",K4)-1))>=1,VALUE(LEFT(K4,FIND("/",K4)-1))<=31,VALUE(LEFT(MID(K4,FIND("/",K4)+1,10),FIND("/",MID(K4,FIND("/",K4)+1,10))-1))>=1,VALUE(LEFT(MID(K4,FIND("/",K4)+1,10),FIND("/",MID(K4,FIND("/",K4)+1,10))-1))<=12,VALUE(LEFT(K4,FIND("/",K4)-1))<=DAY(EOMONTH(DATE(VALUE(MID(MID(K4,FIND("/",K4)+1,10),FIND("/",MID(K4,FIND("/",K4)+1,10))+1,4)),VALUE(LEFT(MID(K4,FIND("/",K4)+1,10),FIND("/",MID(K4,FIND("/",K4)+1,10))-1)),1),0))),0,1),1)+IFERROR(IF(M4>=0,0,1),1)+IFERROR(IF(ISNUMBER(MATCH(N4,Lists!$B$2:$B$7,0)),0,1),1))=0,"OK","ERROR")) -> OK | Q4: =IF(D4="","",TRIM(IF(IFERROR(IF(AND(TRIM(D4)=D4,LEN(D4)>0),0,1),1)=1,"Name; ","")&IF(IFERROR(IF(AND(LEN(E4)=10,ISNUMBER(VALUE(E4))),0,1),1)=1,"Phone; ","")&IF(IFERROR(IF(AND(ISNUMBER(SEARCH("@",F4)),ISNUMBER(SEARCH(".",F4))),0,1),1)=1,"Email; ","")&IF(IFERROR(IF(AND(LEN(J4)=6,ISNUMBER(VALUE(J4))),0,1),1)=1,"Pincode; ","")&IF(IFERROR(IF(ISNUMBER(MATCH(TRIM(I4),Lists!$A$2:$A$20,0)),0,1),1)=1,"State; ","")&IF(IFERROR(IF(AND(LEN(K4)=10,VALUE(LEFT(K4,FIND("/",K4)-1))>=1,VALUE(LEFT(K4,FIND("/",K4)-1))<=31,VALUE(LEFT(MID(K4,FIND("/",K4)+1,10),FIND("/",MID(K4,FIND("/",K4)+1,10))-1))>=1,VALUE(LEFT(MID(K4,FIND("/",K4)+1,10),FIND("/",MID(K4,FIND("/",K4)+1,10))-1))<=12,VALUE(LEFT(K4,FIND("/",K4)-1))<=DAY(EOMONTH(DATE(VALUE(MID(MID(K4,FIND("/",K4)+1,10),FIND("/",MID(K4,FIND("/",K4)+1,10))+1,4)),VALUE(LEFT(MID(K4,FIND("/",K4)+1,10),FIND("/",MID(K4,FIND("/",K4)+1,10))-1)),1),0))),0,1),1)=1,"Date; ","")&IF(IFERROR(IF(M4>=0,0,1),1)=1,"Amount; ","")&IF(IFERROR(IF(ISNUMBER(MATCH(N4,Lists!$B$2:$B$7,0)),0,1),1)=1,"Payment; ",""))) | R4: =IF(D4="","",IF(COUNTIFS($D$2:$D$701,D4,$E$2:$E$701,E4)>1,"DUPLICATE","Unique")) -> Unique
A5: 4 | B5: 1 | C5: CUST00004 | D5: Gayathri Chaudry | E5: 9832764835 | F5: gayathri.chaudry864@gmail.com | G5: 15, Lalla Path | H5: Bhagalpur | I5: Bihar | J5: 305641 | K5: 08/03/2024 | L5: Table Fan | M5: 15096.97 | N5: Cheque | O5: =IFERROR(LEN(C5&D5&E5&F5&G5&H5&I5&J5&K5&L5&M5&N5)/5,0) -> 26.2 | P5: =IF(OR(D5="",C5=""),"",IF((IFERROR(IF(AND(TRIM(D5)=D5,LEN(D5)>0),0,1),1)+IFERROR(IF(AND(LEN(E5)=10,ISNUMBER(VALUE(E5))),0,1),1)+IFERROR(IF(AND(ISNUMBER(SEARCH("@",F5)),ISNUMBER(SEARCH(".",F5))),0,1),1)+IFERROR(IF(AND(LEN(J5)=6,ISNUMBER(VALUE(J5))),0,1),1)+IFERROR(IF(ISNUMBER(MATCH(TRIM(I5),Lists!$A$2:$A$20,0)),0,1),1)+IFERROR(IF(AND(LEN(K5)=10,VALUE(LEFT(K5,FIND("/",K5)-1))>=1,VALUE(LEFT(K5,FIND("/",K5)-1))<=31,VALUE(LEFT(MID(K5,FIND("/",K5)+1,10),FIND("/",MID(K5,FIND("/",K5)+1,10))-1))>=1,VALUE(LEFT(MID(K5,FIND("/",K5)+1,10),FIND("/",MID(K5,FIND("/",K5)+1,10))-1))<=12,VALUE(LEFT(K5,FIND("/",K5)-1))<=DAY(EOMONTH(DATE(VALUE(MID(MID(K5,FIND("/",K5)+1,10),FIND("/",MID(K5,FIND("/",K5)+1,10))+1,4)),VALUE(LEFT(MID(K5,FIND("/",K5)+1,10),FIND("/",MID(K5,FIND("/",K5)+1,10))-1)),1),0))),0,1),1)+IFERROR(IF(M5>=0,0,1),1)+IFERROR(IF(ISNUMBER(MATCH(N5,Lists!$B$2:$B$7,0)),0,1),1))=0,"OK","ERROR")) -> OK | Q5: =IF(D5="","",TRIM(IF(IFERROR(IF(AND(TRIM(D5)=D5,LEN(D5)>0),0,1),1)=1,"Name; ","")&IF(IFERROR(IF(AND(LEN(E5)=10,ISNUMBER(VALUE(E5))),0,1),1)=1,"Phone; ","")&IF(IFERROR(IF(AND(ISNUMBER(SEARCH("@",F5)),ISNUMBER(SEARCH(".",F5))),0,1),1)=1,"Email; ","")&IF(IFERROR(IF(AND(LEN(J5)=6,ISNUMBER(VALUE(J5))),0,1),1)=1,"Pincode; ","")&IF(IFERROR(IF(ISNUMBER(MATCH(TRIM(I5),Lists!$A$2:$A$20,0)),0,1),1)=1,"State; ","")&IF(IFERROR(IF(AND(LEN(K5)=10,VALUE(LEFT(K5,FIND("/",K5)-1))>=1,VALUE(LEFT(K5,FIND("/",K5)-1))<=31,VALUE(LEFT(MID(K5,FIND("/",K5)+1,10),FIND("/",MID(K5,FIND("/",K5)+1,10))-1))>=1,VALUE(LEFT(MID(K5,FIND("/",K5)+1,10),FIND("/",MID(K5,FIND("/",K5)+1,10))-1))<=12,VALUE(LEFT(K5,FIND("/",K5)-1))<=DAY(EOMONTH(DATE(VALUE(MID(MID(K5,FIND("/",K5)+1,10),FIND("/",MID(K5,FIND("/",K5)+1,10))+1,4)),VALUE(LEFT(MID(K5,FIND("/",K5)+1,10),FIND("/",MID(K5,FIND("/",K5)+1,10))-1)),1),0))),0,1),1)=1,"Date; ","")&IF(IFERROR(IF(M5>=0,0,1),1)=1,"Amount; ","")&IF(IFERROR(IF(ISNUMBER(MATCH(N5,Lists!$B$2:$B$7,0)),0,1),1)=1,"Payment; ",""))) | R5: =IF(D5="","",IF(COUNTIFS($D$2:$D$701,D5,$E$2:$E$701,E5)>1,"DUPLICATE","Unique")) -> Unique
A6: 5 | B6: 1 | C6: CUST00005 | D6: Tripti Yadav | E6: 9672423884 | F6: tripti.yadav765@outlook.com | G6: 18, Pathak Road | H6: Chennai | I6: Tamil Nadu | J6: 696532 | K6: 09/11/2025 | L6: USB Hard Drive | M6: 1635.37 | N6: Cash | O6: =IFERROR(LEN(C6&D6&E6&F6&G6&H6&I6&J6&K6&L6&M6&N6)/5,0) -> 26.2 | P6: =IF(OR(D6="",C6=""),"",IF((IFERROR(IF(AND(TRIM(D6)=D6,LEN(D6)>0),0,1),1)+IFERROR(IF(AND(LEN(E6)=10,ISNUMBER(VALUE(E6))),0,1),1)+IFERROR(IF(AND(ISNUMBER(SEARCH("@",F6)),ISNUMBER(SEARCH(".",F6))),0,1),1)+IFERROR(IF(AND(LEN(J6)=6,ISNUMBER(VALUE(J6))),0,1),1)+IFERROR(IF(ISNUMBER(MATCH(TRIM(I6),Lists!$A$2:$A$20,0)),0,1),1)+IFERROR(IF(AND(LEN(K6)=10,VALUE(LEFT(K6,FIND("/",K6)-1))>=1,VALUE(LEFT(K6,FIND("/",K6)-1))<=31,VALUE(LEFT(MID(K6,FIND("/",K6)+1,10),FIND("/",MID(K6,FIND("/",K6)+1,10))-1))>=1,VALUE(LEFT(MID(K6,FIND("/",K6)+1,10),FIND("/",MID(K6,FIND("/",K6)+1,10))-1))<=12,VALUE(LEFT(K6,FIND("/",K6)-1))<=DAY(EOMONTH(DATE(VALUE(MID(MID(K6,FIND("/",K6)+1,10),FIND("/",MID(K6,FIND("/",K6)+1,10))+1,4)),VALUE(LEFT(MID(K6,FIND("/",K6)+1,10),FIND("/",MID(K6,FIND("/",K6)+1,10))-1)),1),0))),0,1),1)+IFERROR(IF(M6>=0,0,1),1)+IFERROR(IF(ISNUMBER(MATCH(N6,Lists!$B$2:$B$7,0)),0,1),1))=0,"OK","ERROR")) -> OK | Q6: =IF(D6="","",TRIM(IF(IFERROR(IF(AND(TRIM(D6)=D6,LEN(D6)>0),0,1),1)=1,"Name; ","")&IF(IFERROR(IF(AND(LEN(E6)=10,ISNUMBER(VALUE(E6))),0,1),1)=1,"Phone; ","")&IF(IFERROR(IF(AND(ISNUMBER(SEARCH("@",F6)),ISNUMBER(SEARCH(".",F6))),0,1),1)=1,"Email; ","")&IF(IFERROR(IF(AND(LEN(J6)=6,ISNUMBER(VALUE(J6))),0,1),1)=1,"Pincode; ","")&IF(IFERROR(IF(ISNUMBER(MATCH(TRIM(I6),Lists!$A$2:$A$20,0)),0,1),1)=1,"State; ","")&IF(IFERROR(IF(AND(LEN(K6)=10,VALUE(LEFT(K6,FIND("/",K6)-1))>=1,VALUE(LEFT(K6,FIND("/",K6)-1))<=31,VALUE(LEFT(MID(K6,FIND("/",K6)+1,10),FIND("/",MID(K6,FIND("/",K6)+1,10))-1))>=1,VALUE(LEFT(MID(K6,FIND("/",K6)+1,10),FIND("/",MID(K6,FIND("/",K6)+1,10))-1))<=12,VALUE(LEFT(K6,FIND("/",K6)-1))<=DAY(EOMONTH(DATE(VALUE(MID(MID(K6,FIND("/",K6)+1,10),FIND("/",MID(K6,FIND("/",K6)+1,10))+1,4)),VALUE(LEFT(MID(K6,FIND("/",K6)+1,10),FIND("/",MID(K6,FIND("/",K6)+1,10))-1)),1),0))),0,1),1)=1,"Date; ","")&IF(IFERROR(IF(M6>=0,0,1),1)=1,"Amount; ","")&IF(IFERROR(IF(ISNUMBER(MATCH(N6,Lists!$B$2:$B$7,0)),0,1),1)=1,"Payment; ",""))) | R6: =IF(D6="","",IF(COUNTIFS($D$2:$D$701,D6,$E$2:$E$701,E6)>1,"DUPLICATE","Unique")) -> Unique
A7: 6 | B7: 1 | C7: CUST00006 | D7: Ekaraj Bath | E7: 9691669784 | F7: ekaraj.bath995@outlook.com | G7: H.No. 13, Rai Zila | H7: Ranchi | I7: Jharkhand | J7: 018451 | K7: 24/08/2024 | L7: A4 Paper Ream | M7: 2697.89 | N7: Cash | O7: =IFERROR(LEN(C7&D7&E7&F7&G7&H7&I7&J7&K7&L7&M7&N7)/5,0) -> 25.8 | P7: =IF(OR(D7="",C7=""),"",IF((IFERROR(IF(AND(TRIM(D7)=D7,LEN(D7)>0),0,1),1)+IFERROR(IF(AND(LEN(E7)=10,ISNUMBER(VALUE(E7))),0,1),1)+IFERROR(IF(AND(ISNUMBER(SEARCH("@",F7)),ISNUMBER(SEARCH(".",F7))),0,1),1)+IFERROR(IF(AND(LEN(J7)=6,ISNUMBER(VALUE(J7))),0,1),1)+IFERROR(IF(ISNUMBER(MATCH(TRIM(I7),Lists!$A$2:$A$20,0)),0,1),1)+IFERROR(IF(AND(LEN(K7)=10,VALUE(LEFT(K7,FIND("/",K7)-1))>=1,VALUE(LEFT(K7,FIND("/",K7)-1))<=31,VALUE(LEFT(MID(K7,FIND("/",K7)+1,10),FIND("/",MID(K7,FIND("/",K7)+1,10))-1))>=1,VALUE(LEFT(MID(K7,FIND("/",K7)+1,10),FIND("/",MID(K7,FIND("/",K7)+1,10))-1))<=12,VALUE(LEFT(K7,FIND("/",K7)-1))<=DAY(EOMONTH(DATE(VALUE(MID(MID(K7,FIND("/",K7)+1,10),FIND("/",MID(K7,FIND("/",K7)+1,10))+1,4)),VALUE(LEFT(MID(K7,FIND("/",K7)+1,10),FIND("/",MID(K7,FIND("/",K7)+1,10))-1)),1),0))),0,1),1)+IFERROR(IF(M7>=0,0,1),1)+IFERROR(IF(ISNUMBER(MATCH(N7,Lists!$B$2:$B$7,0)),0,1),1))=0,"OK","ERROR")) -> OK | Q7: =IF(D7="","",TRIM(IF(IFERROR(IF(AND(TRIM(D7)=D7,LEN(D7)>0),0,1),1)=1,"Name; ","")&IF(IFERROR(IF(AND(LEN(E7)=10,ISNUMBER(VALUE(E7))),0,1),1)=1,"Phone; ","")&IF(IFERROR(IF(AND(ISNUMBER(SEARCH("@",F7)),ISNUMBER(SEARCH(".",F7))),0,1),1)=1,"Email; ","")&IF(IFERROR(IF(AND(LEN(J7)=6,ISNUMBER(VALUE(J7))),0,1),1)=1,"Pincode; ","")&IF(IFERROR(IF(ISNUMBER(MATCH(TRIM(I7),Lists!$A$2:$A$20,0)),0,1),1)=1,"State; ","")&IF(IFERROR(IF(AND(LEN(K7)=10,VALUE(LEFT(K7,FIND("/",K7)-1))>=1,VALUE(LEFT(K7,FIND("/",K7)-1))<=31,VALUE(LEFT(MID(K7,FIND("/",K7)+1,10),FIND("/",MID(K7,FIND("/",K7)+1,10))-1))>=1,VALUE(LEFT(MID(K7,FIND("/",K7)+1,10),FIND("/",MID(K7,FIND("/",K7)+1,10))-1))<=12,VALUE(LEFT(K7,FIND("/",K7)-1))<=DAY(EOMONTH(DATE(VALUE(MID(MID(K7,FIND("/",K7)+1,10),FIND("/",MID(K7,FIND("/",K7)+1,10))+1,4)),VALUE(LEFT(MID(K7,FIND("/",K7)+1,10),FIND("/",MID(K7,FIND("/",K7)+1,10))-1)),1),0))),0,1),1)=1,"Date; ","")&IF(IFERROR(IF(M7>=0,0,1),1)=1,"Amount; ","")&IF(IFERROR(IF(ISNUMBER(MATCH(N7,Lists!$B$2:$B$7,0)),0,1),1)=1,"Payment; ",""))) | R7: =IF(D7="","",IF(COUNTIFS($D$2:$D$701,D7,$E$2:$E$701,E7)>1,"DUPLICATE","Unique")) -> Unique
A8: 7 | B8: 1 | C8: CUST00007 | D8: Sudiksha Patla | E8: 9814893252 | F8: sudiksha.patla553@outlook.com | G8: H.No. 53, Bora Road | H8: Jabalpur | I8: Madhya Pradesh | J8: 095701 | K8: 13/01/2025 | L8: Table Fan | M8: 15767.08 | N8: Credit Card | O8: =IFERROR(LEN(C8&D8&E8&F8&G8&H8&I8&J8&K8&L8&M8&N8)/5,0) -> 29.4 | P8: =IF(OR(D8="",C8=""),"",IF((IFERROR(IF(AND(TRIM(D8)=D8,LEN(D8)>0),0,1),1)+IFERROR(IF(AND(LEN(E8)=10,ISNUMBER(VALUE(E8))),0,1),1)+IFERROR(IF(AND(ISNUMBER(SEARCH("@",F8)),ISNUMBER(SEARCH(".",F8))),0,1),1)+IFERROR(IF(AND(LEN(J8)=6,ISNUMBER(VALUE(J8))),0,1),1)+IFERROR(IF(ISNUMBER(MATCH(TRIM(I8),Lists!$A$2:$A$20,0)),0,1),1)+IFERROR(IF(AND(LEN(K8)=10,VALUE(LEFT(K8,FIND("/",K8)-1))>=1,VALUE(LEFT(K8,FIND("/",K8)-1))<=31,VALUE(LEFT(MID(K8,FIND("/",K8)+1,10),FIND("/",MID(K8,FIND("/",K8)+1,10))-1))>=1,VALUE(LEFT(MID(K8,FIND("/",K8)+1,10),FIND("/",MID(K8,FIND("/",K8)+1,10))-1))<=12,VALUE(LEFT(K8,FIND("/",K8)-1))<=DAY(EOMONTH(DATE(VALUE(MID(MID(K8,FIND("/",K8)+1,10),FIND("/",MID(K8,FIND("/",K8)+1,10))+1,4)),VALUE(LEFT(MID(K8,FIND("/",K8)+1,10),FIND("/",MID(K8,FIND("/",K8)+1,10))-1)),1),0))),0,1),1)+IFERROR(IF(M8>=0,0,1),1)+IFERROR(IF(ISNUMBER(MATCH(N8,Lists!$B$2:$B$7,0)),0,1),1))=0,"OK","ERROR")) -> OK | Q8: =IF(D8="","",TRIM(IF(IFERROR(IF(AND(TRIM(D8)=D8,LEN(D8)>0),0,1),1)=1,"Name; ","")&IF(IFERROR(IF(AND(LEN(E8)=10,ISNUMBER(VALUE(E8))),0,1),1)=1,"Phone; ","")&IF(IFERROR(IF(AND(ISNUMBER(SEARCH("@",F8)),ISNUMBER(SEARCH(".",F8))),0,1),1)=1,"Email; ","")&IF(IFERROR(IF(AND(LEN(J8)=6,ISNUMBER(VALUE(J8))),0,1),1)=1,"Pincode; ","")&IF(IFERROR(IF(ISNUMBER(MATCH(TRIM(I8),Lists!$A$2:$A$20,0)),0,1),1)=1,"State; ","")&IF(IFERROR(IF(AND(LEN(K8)=10,VALUE(LEFT(K8,FIND("/",K8)-1))>=1,VALUE(LEFT(K8,FIND("/",K8)-1))<=31,VALUE(LEFT(MID(K8,FIND("/",K8)+1,10),FIND("/",MID(K8,FIND("/",K8)+1,10))-1))>=1,VALUE(LEFT(MID(K8,FIND("/",K8)+1,10),FIND("/",MID(K8,FIND("/",K8)+1,10))-1))<=12,VALUE(LEFT(K8,FIND("/",K8)-1))<=DAY(EOMONTH(DATE(VALUE(MID(MID(K8,FIND("/",K8)+1,10),FIND("/",MID(K8,FIND("/",K8)+1,10))+1,4)),VALUE(LEFT(MID(K8,FIND("/",K8)+1,10),FIND("/",MID(K8,FIND("/",K8)+1,10))-1)),1),0))),0,1),1)=1,"Date; ","")&IF(IFERROR(IF(M8>=0,0,1),1)=1,"Amount; ","")&IF(IFERROR(IF(ISNUMBER(MATCH(N8,Lists!$B$2:$B$7,0)),0,1),1)=1,"Payment; ",""))) | R8: =IF(D8="","",IF(COUNTIFS($D$2:$D$701,D8,$E$2:$E$701,E8)>1,"DUPLICATE","Unique")) -> Unique
A9: 8 | B9: 1 | C9: CUST00008 | D9: Yash Gade | E9: 9911718227 | F9: yash.gade970@outlook.com | G9: 48, Nair Ganj | H9: Lucknow | I9: Uttar Pradesh | J9: 248963 | K9: 09/01/2026 | L9: Power Bank | M9: 11731.91 | N9: UPI | O9: =IFERROR(LEN(C9&D9&E9&F9&G9&H9&I9&J9&K9&L9&M9&N9)/5,0) -> 24.4 | P9: =IF(OR(D9="",C9=""),"",IF((IFERROR(IF(AND(TRIM(D9)=D9,LEN(D9)>0),0,1),1)+IFERROR(IF(AND(LEN(E9)=10,ISNUMBER(VALUE(E9))),0,1),1)+IFERROR(IF(AND(ISNUMBER(SEARCH("@",F9)),ISNUMBER(SEARCH(".",F9))),0,1),1)+IFERROR(IF(AND(LEN(J9)=6,ISNUMBER(VALUE(J9))),0,1),1)+IFERROR(IF(ISNUMBER(MATCH(TRIM(I9),Lists!$A$2:$A$20,0)),0,1),1)+IFERROR(IF(AND(LEN(K9)=10,VALUE(LEFT(K9,FIND("/",K9)-1))>=1,VALUE(LEFT(K9,FIND("/",K9)-1))<=31,VALUE(LEFT(MID(K9,FIND("/",K9)+1,10),FIND("/",MID(K9,FIND("/",K9)+1,10))-1))>=1,VALUE(LEFT(MID(K9,FIND("/",K9)+1,10),FIND("/",MID(K9,FIND("/",K9)+1,10))-1))<=12,VALUE(LEFT(K9,FIND("/",K9)-1))<=DAY(EOMONTH(DATE(VALUE(MID(MID(K9,FIND("/",K9)+1,10),FIND("/",MID(K9,FIND("/",K9)+1,10))+1,4)),VALUE(LEFT(MID(K9,FIND("/",K9)+1,10),FIND("/",MID(K9,FIND("/",K9)+1,10))-1)),1),0))),0,1),1)+IFERROR(IF(M9>=0,0,1),1)+IFERROR(IF(ISNUMBER(MATCH(N9,Lists!$B$2:$B$7,0)),0,1),1))=0,"OK","ERROR")) -> OK | Q9: =IF(D9="","",TRIM(IF(IFERROR(IF(AND(TRIM(D9)=D9,LEN(D9)>0),0,1),1)=1,"Name; ","")&IF(IFERROR(IF(AND(LEN(E9)=10,ISNUMBER(VALUE(E9))),0,1),1)=1,"Phone; ","")&IF(IFERROR(IF(AND(ISNUMBER(SEARCH("@",F9)),ISNUMBER(SEARCH(".",F9))),0,1),1)=1,"Email; ","")&IF(IFERROR(IF(AND(LEN(J9)=6,ISNUMBER(VALUE(J9))),0,1),1)=1,"Pincode; ","")&IF(IFERROR(IF(ISNUMBER(MATCH(TRIM(I9),Lists!$A$2:$A$20,0)),0,1),1)=1,"State; ","")&IF(IFERROR(IF(AND(LEN(K9)=10,VALUE(LEFT(K9,FIND("/",K9)-1))>=1,VALUE(LEFT(K9,FIND("/",K9)-1))<=31,VALUE(LEFT(MID(K9,FIND("/",K9)+1,10),FIND("/",MID(K9,FIND("/",K9)+1,10))-1))>=1,VALUE(LEFT(MID(K9,FIND("/",K9)+1,10),FIND("/",MID(K9,FIND("/",K9)+1,10))-1))<=12,VALUE(LEFT(K9,FIND("/",K9)-1))<=DAY(EOMONTH(DATE(VALUE(MID(MID(K9,FIND("/",K9)+1,10),FIND("/",MID(K9,FIND("/",K9)+1,10))+1,4)),VALUE(LEFT(MID(K9,FIND("/",K9)+1,10),FIND("/",MID(K9,FIND("/",K9)+1,10))-1)),1),0))),0,1),1)=1,"Date; ","")&IF(IFERROR(IF(M9>=0,0,1),1)=1,"Amount; ","")&IF(IFERROR(IF(ISNUMBER(MATCH(N9,Lists!$B$2:$B$7,0)),0,1),1)=1,"Payment; ",""))) | R9: =IF(D9="","",IF(COUNTIFS($D$2:$D$701,D9,$E$2:$E$701,E9)>1,"DUPLICATE","Unique")) -> Unique
A10: 9 | B10: 1 | C10: CUST00009 | D10: Veer Balay | E10: 9578713315 | F10: veer.balay22@outlook.com | G10: 41, Murty Ganj | H10: Mysuru | I10: Karnataka | J10: 839301 | K10: 16/07/2026 | L10: Wireless Mouse | M10: 3816.28 | N10: Cash | O10: =IFERROR(LEN(C10&D10&E10&F10&G10&H10&I10&J10&K10&L10&M10&N10)/5,0) -> 24.6 | P10: =IF(OR(D10="",C10=""),"",IF((IFERROR(IF(AND(TRIM(D10)=D10,LEN(D10)>0),0,1),1)+IFERROR(IF(AND(LEN(E10)=10,ISNUMBER(VALUE(E10))),0,1),1)+IFERROR(IF(AND(ISNUMBER(SEARCH("@",F10)),ISNUMBER(SEARCH(".",F10))),0,1),1)+IFERROR(IF(AND(LEN(J10)=6,ISNUMBER(VALUE(J10))),0,1),1)+IFERROR(IF(ISNUMBER(MATCH(TRIM(I10),Lists!$A$2:$A$20,0)),0,1),1)+IFERROR(IF(AND(LEN(K10)=10,VALUE(LEFT(K10,FIND("/",K10)-1))>=1,VALUE(LEFT(K10,FIND("/",K10)-1))<=31,VALUE(LEFT(MID(K10,FIND("/",K10)+1,10),FIND("/",MID(K10,FIND("/",K10)+1,10))-1))>=1,VALUE(LEFT(MID(K10,FIND("/",K10)+1,10),FIND("/",MID(K10,FIND("/",K10)+1,10))-1))<=12,VALUE(LEFT(K10,FIND("/",K10)-1))<=DAY(EOMONTH(DATE(VALUE(MID(MID(K10,FIND("/",K10)+1,10),FIND("/",MID(K10,FIND("/",K10)+1,10))+1,4)),VALUE(LEFT(MID(K10,FIND("/",K10)+1,10),FIND("/",MID(K10,FIND("/",K10)+1,10))-1)),1),0))),0,1),1)+IFERROR(IF(M10>=0,0,1),1)+IFERROR(IF(ISNUMBER(MATCH(N10,Lists!$B$2:$B$7,0)),0,1),1))=0,"OK","ERROR")) -> OK | Q10: =IF(D10="","",TRIM(IF(IFERROR(IF(AND(TRIM(D10)=D10,LEN(D10)>0),0,1),1)=1,"Name; ","")&IF(IFERROR(IF(AND(LEN(E10)=10,ISNUMBER(VALUE(E10))),0,1),1)=1,"Phone; ","")&IF(IFERROR(IF(AND(ISNUMBER(SEARCH("@",F10)),ISNUMBER(SEARCH(".",F10))),0,1),1)=1,"Email; ","")&IF(IFERROR(IF(AND(LEN(J10)=6,ISNUMBER(VALUE(J10))),0,1),1)=1,"Pincode; ","")&IF(IFERROR(IF(ISNUMBER(MATCH(TRIM(I10),Lists!$A$2:$A$20,0)),0,1),1)=1,"State; ","")&IF(IFERROR(IF(AND(LEN(K10)=10,VALUE(LEFT(K10,FIND("/",K10)-1))>=1,VALUE(LEFT(K10,FIND("/",K10)-1))<=31,VALUE(LEFT(MID(K10,FIND("/",K10)+1,10),FIND("/",MID(K10,FIND("/",K10)+1,10))-1))>=1,VALUE(LEFT(MID(K10,FIND("/",K10)+1,10),FIND("/",MID(K10,FIND("/",K10)+1,10))-1))<=12,VALUE(LEFT(K10,FIND("/",K10)-1))<=DAY(EOMONTH(DATE(VALUE(MID(MID(K10,FIND("/",K10)+1,10),FIND("/",MID(K10,FIND("/",K10)+1,10))+1,4)),VALUE(LEFT(MID(K10,FIND("/",K10)+1,10),FIND("/",MID(K10,FIND("/",K10)+1,10))-1)),1),0))),0,1),1)=1,"Date; ","")&IF(IFERROR(IF(M10>=0,0,1),1)=1,"Amount; ","")&IF(IFERROR(IF(ISNUMBER(MATCH(N10,Lists!$B$2:$B$7,0)),0,1),1)=1,"Payment; ",""))) | R10: =IF(D10="","",IF(COUNTIFS($D$2:$D$701,D10,$E$2:$E$701,E10)>1,"DUPLICATE","Unique")) -> Unique
A11: 10 | B11: 1 | C11: CUST00010 | D11: Xalak Randhawa | E11: 9473829973 | F11: xalak.randhawa804@yahoo.com | G11: 423, Yohannan Circle | H11: Chennai | I11: Tamil Nadu | J11: 631165 | K11: 17/05/2025 | L11: A4 Paper Ream | M11: 7577.99 | N11: Cheque | O11: =IFERROR(LEN(C11&D11&E11&F11&G11&H11&I11&J11&K11&L11&M11&N11)/5,0) -> 27.8 | P11: =IF(OR(D11="",C11=""),"",IF((IFERROR(IF(AND(TRIM(D11)=D11,LEN(D11)>0),0,1),1)+IFERROR(IF(AND(LEN(E11)=10,ISNUMBER(VALUE(E11))),0,1),1)+IFERROR(IF(AND(ISNUMBER(SEARCH("@",F11)),ISNUMBER(SEARCH(".",F11))),0,1),1)+IFERROR(IF(AND(LEN(J11)=6,ISNUMBER(VALUE(J11))),0,1),1)+IFERROR(IF(ISNUMBER(MATCH(TRIM(I11),Lists!$A$2:$A$20,0)),0,1),1)+IFERROR(IF(AND(LEN(K11)=10,VALUE(LEFT(K11,FIND("/",K11)-1))>=1,VALUE(LEFT(K11,FIND("/",K11)-1))<=31,VALUE(LEFT(MID(K11,FIND("/",K11)+1,10),FIND("/",MID(K11,FIND("/",K11)+1,10))-1))>=1,VALUE(LEFT(MID(K11,FIND("/",K11)+1,10),FIND("/",MID(K11,FIND("/",K11)+1,10))-1))<=12,VALUE(LEFT(K11,FIND("/",K11)-1))<=DAY(EOMONTH(DATE(VALUE(MID(MID(K11,FIND("/",K11)+1,10),FIND("/",MID(K11,FIND("/",K11)+1,10))+1,4)),VALUE(LEFT(MID(K11,FIND("/",K11)+1,10),FIND("/",MID(K11,FIND("/",K11)+1,10))-1)),1),0))),0,1),1)+IFERROR(IF(M11>=0,0,1),1)+IFERROR(IF(ISNUMBER(MATCH(N11,Lists!$B$2:$B$7,0)),0,1),1))=0,"OK","ERROR")) -> OK | Q11: =IF(D11="","",TRIM(IF(IFERROR(IF(AND(TRIM(D11)=D11,LEN(D11)>0),0,1),1)=1,"Name; ","")&IF(IFERROR(IF(AND(LEN(E11)=10,ISNUMBER(VALUE(E11))),0,1),1)=1,"Phone; ","")&IF(IFERROR(IF(AND(ISNUMBER(SEARCH("@",F11)),ISNUMBER(SEARCH(".",F11))),0,1),1)=1,"Email; ","")&IF(IFERROR(IF(AND(LEN(J11)=6,ISNUMBER(VALUE(J11))),0,1),1)=1,"Pincode; ","")&IF(IFERROR(IF(ISNUMBER(MATCH(TRIM(I11),Lists!$A$2:$A$20,0)),0,1),1)=1,"State; ","")&IF(IFERROR(IF(AND(LEN(K11)=10,VALUE(LEFT(K11,FIND("/",K11)-1))>=1,VALUE(LEFT(K11,FIND("/",K11)-1))<=31,VALUE(LEFT(MID(K11,FIND("/",K11)+1,10),FIND("/",MID(K11,FIND("/",K11)+1,10))-1))>=1,VALUE(LEFT(MID(K11,FIND("/",K11)+1,10),FIND("/",MID(K11,FIND("/",K11)+1,10))-1))<=12,VALUE(LEFT(K11,FIND("/",K11)-1))<=DAY(EOMONTH(DATE(VALUE(MID(MID(K11,FIND("/",K11)+1,10),FIND("/",MID(K11,FIND("/",K11)+1,10))+1,4)),VALUE(LEFT(MID(K11,FIND("/",K11)+1,10),FIND("/",MID(K11,FIND("/",K11)+1,10))-1)),1),0))),0,1),1)=1,"Date; ","")&IF(IFERROR(IF(M11>=0,0,1),1)=1,"Amount; ","")&IF(IFERROR(IF(ISNUMBER(MATCH(N11,Lists!$B$2:$B$7,0)),0,1),1)=1,"Payment; ",""))) | R11: =IF(D11="","",IF(COUNTIFS($D$2:$D$701,D11,$E$2:$E$701,E11)>1,"DUPLICATE","Unique")) -> Unique
A12: 11 | B12: 1 | C12: CUST00011 | D12: Priya Rastogi | E12: 9513338726 | F12: priya.rastogi188@yahoo.com | G12: 287, Batta Zila | H12: Kolkata | I12: West Bengal | J12: 731781 | K12: 14/04/2023 | L12: Whiteboard Marker Set | M12: 15987.66 | N12: cashh | O12: =IFERROR(LEN(C12&D12&E12&F12&G12&H12&I12&J12&K12&L12&M12&N12)/5,0) -> 28.2 | P12: =IF(OR(D12="",C12=""),"",IF((IFERROR(IF(AND(TRIM(D12)=D12,LEN(D12)>0),0,1),1)+IFERROR(IF(AND(LEN(E12)=10,ISNUMBER(VALUE(E12))),0,1),1)+IFERROR(IF(AND(ISNUMBER(SEARCH("@",F12)),ISNUMBER(SEARCH(".",F12))),0,1),1)+IFERROR(IF(AND(LEN(J12)=6,ISNUMBER(VALUE(J12))),0,1),1)+IFERROR(IF(ISNUMBER(MATCH(TRIM(I12),Lists!$A$2:$A$20,0)),0,1),1)+IFERROR(IF(AND(LEN(K12)=10,VALUE(LEFT(K12,FIND("/",K12)-1))>=1,VALUE(LEFT(K12,FIND("/",K12)-1))<=31,VALUE(LEFT(MID(K12,FIND("/",K12)+1,10),FIND("/",MID(K12,FIND("/",K12)+1,10))-1))>=1,VALUE(LEFT(MID(K12,FIND("/",K12)+1,10),FIND("/",MID(K12,FIND("/",K12)+1,10))-1))<=12,VALUE(LEFT(K12,FIND("/",K12)-1))<=DAY(EOMONTH(DATE(VALUE(MID(MID(K12,FIND("/",K12)+1,10),FIND("/",MID(K12,FIND("/",K12)+1,10))+1,4)),VALUE(LEFT(MID(K12,FIND("/",K12)+1,10),FIND("/",MID(K12,FIND("/",K12)+1,10))-1)),1),0))),0,1),1)+IFERROR(IF(M12>=0,0,1),1)+IFERROR(IF(ISNUMBER(MATCH(N12,Lists!$B$2:$B$7,0)),0,1),1))=0,"OK","ERROR")) -> ERROR | Q12: =IF(D12="","",TRIM(IF(IFERROR(IF(AND(TRIM(D12)=D12,LEN(D12)>0),0,1),1)=1,"Name; ","")&IF(IFERROR(IF(AND(LEN(E12)=10,ISNUMBER(VALUE(E12))),0,1),1)=1,"Phone; ","")&IF(IFERROR(IF(AND(ISNUMBER(SEARCH("@",F12)),ISNUMBER(SEARCH(".",F12))),0,1),1)=1,"Email; ","")&IF(IFERROR(IF(AND(LEN(J12)=6,ISNUMBER(VALUE(J12))),0,1),1)=1,"Pincode; ","")&IF(IFERROR(IF(ISNUMBER(MATCH(TRIM(I12),Lists!$A$2:$A$20,0)),0,1),1)=1,"State; ","")&IF(IFERROR(IF(AND(LEN(K12)=10,VALUE(LEFT(K12,FIND("/",K12)-1))>=1,VALUE(LEFT(K12,FIND("/",K12)-1))<=31,VALUE(LEFT(MID(K12,FIND("/",K12)+1,10),FIND("/",MID(K12,FIND("/",K12)+1,10))-1))>=1,VALUE(LEFT(MID(K12,FIND("/",K12)+1,10),FIND("/",MID(K12,FIND("/",K12)+1,10))-1))<=12,VALUE(LEFT(K12,FIND("/",K12)-1))<=DAY(EOMONTH(DATE(VALUE(MID(MID(K12,FIND("/",K12)+1,10),FIND("/",MID(K12,FIND("/",K12)+1,10))+1,4)),VALUE(LEFT(MID(K12,FIND("/",K12)+1,10),FIND("/",MID(K12,FIND("/",K12)+1,10))-1)),1),0))),0,1),1)=1,"Date; ","")&IF(IFERROR(IF(M12>=0,0,1),1)=1,"Amount; ","")&IF(IFERROR(IF(ISNUMBER(MATCH(N12,Lists!$B$2:$B$7,0)),0,1),1)=1,"Payment; ",""))) -> Payment; | R12: =IF(D12="","",IF(COUNTIFS($D$2:$D$701,D12,$E$2:$E$701,E12)>1,"DUPLICATE","Unique")) -> Unique
A13: 12 | B13: 1 | C13: CUST00012 | D13: Michael Dutta | E13: 9773602606 | F13: michael.dutta272@yahoo.com | G13: 16/69, Wadhwa Chowk | H13: Patna | I13: Bihar | J13: 468723 | K13: 30/08/2024 | L13: Laptop Stand | M13: 15504.61 | N13: Net Banking | O13: =IFERROR(LEN(C13&D13&E13&F13&G13&H13&I13&J13&K13&L13&M13&N13)/5,0) -> 26.8 | P13: =IF(OR(D13="",C13=""),"",IF((IFERROR(IF(AND(TRIM(D13)=D13,LEN(D13)>0),0,1),1)+IFERROR(IF(AND(LEN(E13)=10,ISNUMBER(VALUE(E13))),0,1),1)+IFERROR(IF(AND(ISNUMBER(SEARCH("@",F13)),ISNUMBER(SEARCH(".",F13))),0,1),1)+IFERROR(IF(AND(LEN(J13)=6,ISNUMBER(VALUE(J13))),0,1),1)+IFERROR(IF(ISNUMBER(MATCH(TRIM(I13),Lists!$A$2:$A$20,0)),0,1),1)+IFERROR(IF(AND(LEN(K13)=10,VALUE(LEFT(K13,FIND("/",K13)-1))>=1,VALUE(LEFT(K13,FIND("/",K13)-1))<=31,VALUE(LEFT(MID(K13,FIND("/",K13)+1,10),FIND("/",MID(K13,FIND("/",K13)+1,10))-1))>=1,VALUE(LEFT(MID(K13,FIND("/",K13)+1,10),FIND("/",MID(K13,FIND("/",K13)+1,10))-1))<=12,VALUE(LEFT(K13,FIND("/",K13)-1))<=DAY(EOMONTH(DATE(VALUE(MID(MID(K13,FIND("/",K13)+1,10),FIND("/",MID(K13,FIND("/",K13)+1,10))+1,4)),VALUE(LEFT(MID(K13,FIND("/",K13)+1,10),FIND("/",MID(K13,FIND("/",K13)+1,10))-1)),1),0))),0,1),1)+IFERROR(IF(M13>=0,0,1),1)+IFERROR(IF(ISNUMBER(MATCH(N13,Lists!$B$2:$B$7,0)),0,1),1))=0,"OK","ERROR")) -> OK | Q13: =IF(D13="","",TRIM(IF(IFERROR(IF(AND(TRIM(D13)=D13,LEN(D13)>0),0,1),1)=1,"Name; ","")&IF(IFERROR(IF(AND(LEN(E13)=10,ISNUMBER(VALUE(E13))),0,1),1)=1,"Phone; ","")&IF(IFERROR(IF(AND(ISNUMBER(SEARCH("@",F13)),ISNUMBER(SEARCH(".",F13))),0,1),1)=1,"Email; ","")&IF(IFERROR(IF(AND(LEN(J13)=6,ISNUMBER(VALUE(J13))),0,1),1)=1,"Pincode; ","")&IF(IFERROR(IF(ISNUMBER(MATCH(TRIM(I13),Lists!$A$2:$A$20,0)),0,1),1)=1,"State; ","")&IF(IFERROR(IF(AND(LEN(K13)=10,VALUE(LEFT(K13,FIND("/",K13)-1))>=1,VALUE(LEFT(K13,FIND("/",K13)-1))<=31,VALUE(LEFT(MID(K13,FIND("/",K13)+1,10),FIND("/",MID(K13,FIND("/",K13)+1,10))-1))>=1,VALUE(LEFT(MID(K13,FIND("/",K13)+1,10),FIND("/",MID(K13,FIND("/",K13)+1,10))-1))<=12,VALUE(LEFT(K13,FIND("/",K13)-1))<=DAY(EOMONTH(DATE(VALUE(MID(MID(K13,FIND("/",K13)+1,10),FIND("/",MID(K13,FIND("/",K13)+1,10))+1,4)),VALUE(LEFT(MID(K13,FIND("/",K13)+1,10),FIND("/",MID(K13,FIND("/",K13)+1,10))-1)),1),0))),0,1),1)=1,"Date; ","")&IF(IFERROR(IF(M13>=0,0,1),1)=1,"Amount; ","")&IF(IFERROR(IF(ISNUMBER(MATCH(N13,Lists!$B$2:$B$7,0)),0,1),1)=1,"Payment; ",""))) | R13: =IF(D13="","",IF(COUNTIFS($D$2:$D$701,D13,$E$2:$E$701,E13)>1,"DUPLICATE","Unique")) -> Unique
... A99: 98 | B99: 2 | C99: CUST00098 | D99: Ekapad Keer | E99: 9454019380 | F99: ekapad.keer936@gmail.com | G99: 161, Sawhney Zila | H99: Ludhiana | I99: Punjab | J99: 620672 | K99: 15/08/2024 | L99: Table Fan | M99: 790.97 | N99: Credit Card | O99: =IFERROR(LEN(C99&D99&E99&F99&G99&H99&I99&J99&K99&L99&M99&N99)/5,0) -> 25.4 | P99: =IF(OR(D99="",C99=""),"",IF((IFERROR(IF(AND(TRIM(D99)=D99,LEN(D99)>0),0,1),1)+IFERROR(IF(AND(LEN(E99)=10,ISNUMBER(VALUE(E99))),0,1),1)+IFERROR(IF(AND(ISNUMBER(SEARCH("@",F99)),ISNUMBER(SEARCH(".",F99))),0,1),1)+IFERROR(IF(AND(LEN(J99)=6,ISNUMBER(VALUE(J99))),0,1),1)+IFERROR(IF(ISNUMBER(MATCH(TRIM(I99),Lists!$A$2:$A$20,0)),0,1),1)+IFERROR(IF(AND(LEN(K99)=10,VALUE(LEFT(K99,FIND("/",K99)-1))>=1,VALUE(LEFT(K99,FIND("/",K99)-1))<=31,VALUE(LEFT(MID(K99,FIND("/",K99)+1,10),FIND("/",MID(K99,FIND("/",K99)+1,10))-1))>=1,VALUE(LEFT(MID(K99,FIND("/",K99)+1,10),FIND("/",MID(K99,FIND("/",K99)+1,10))-1))<=12,VALUE(LEFT(K99,FIND("/",K99)-1))<=DAY(EOMONTH(DATE(VALUE(MID(MID(K99,FIND("/",K99)+1,10),FIND("/",MID(K99,FIND("/",K99)+1,10))+1,4)),VALUE(LEFT(MID(K99,FIND("/",K99)+1,10),FIND("/",MID(K99,FIND("/",K99)+1,10))-1)),1),0))),0,1),1)+IFERROR(IF(M99>=0,0,1),1)+IFERROR(IF(ISNUMBER(MATCH(N99,Lists!$B$2:$B$7,0)),0,1),1))=0,"OK","ERROR")) -> OK | Q99: =IF(D99="","",TRIM(IF(IFERROR(IF(AND(TRIM(D99)=D99,LEN(D99)>0),0,1),1)=1,"Name; ","")&IF(IFERROR(IF(AND(LEN(E99)=10,ISNUMBER(VALUE(E99))),0,1),1)=1,"Phone; ","")&IF(IFERROR(IF(AND(ISNUMBER(SEARCH("@",F99)),ISNUMBER(SEARCH(".",F99))),0,1),1)=1,"Email; ","")&IF(IFERROR(IF(AND(LEN(J99)=6,ISNUMBER(VALUE(J99))),0,1),1)=1,"Pincode; ","")&IF(IFERROR(IF(ISNUMBER(MATCH(TRIM(I99),Lists!$A$2:$A$20,0)),0,1),1)=1,"State; ","")&IF(IFERROR(IF(AND(LEN(K99)=10,VALUE(LEFT(K99,FIND("/",K99)-1))>=1,VALUE(LEFT(K99,FIND("/",K99)-1))<=31,VALUE(LEFT(MID(K99,FIND("/",K99)+1,10),FIND("/",MID(K99,FIND("/",K99)+1,10))-1))>=1,VALUE(LEFT(MID(K99,FIND("/",K99)+1,10),FIND("/",MID(K99,FIND("/",K99)+1,10))-1))<=12,VALUE(LEFT(K99,FIND("/",K99)-1))<=DAY(EOMONTH(DATE(VALUE(MID(MID(K99,FIND("/",K99)+1,10),FIND("/",MID(K99,FIND("/",K99)+1,10))+1,4)),VALUE(LEFT(MID(K99,FIND("/",K99)+1,10),FIND("/",MID(K99,FIND("/",K99)+1,10))-1)),1),0))),0,1),1)=1,"Date; ","")&IF(IFERROR(IF(M99>=0,0,1),1)=1,"Amount; ","")&IF(IFERROR(IF(ISNUMBER(MATCH(N99,Lists!$B$2:$B$7,0)),0,1),1)=1,"Payment; ",""))) | R99: =IF(D99="","",IF(COUNTIFS($D$2:$D$701,D99,$E$2:$E$701,E99)>1,"DUPLICATE","Unique")) -> Unique
A100: 99 | B100: 2 | C100: CUST00099 | E100: 9547887287 | F100: chandani.balakrishnan280@gmail.com | G100: H.No. 04, Prasad Path | H100: Gurugram | I100: Haryana | J100: 152742 | K100: 29/01/2023 | L100: File Organizer | M100: 5525.37 | N100: Credit Card | O100: =IFERROR(LEN(C100&D100&E100&F100&G100&H100&I100&J100&K100&L100&M100&N100)/5,0) -> 27.4 | P100: =IF(OR(D100="",C100=""),"",IF((IFERROR(IF(AND(TRIM(D100)=D100,LEN(D100)>0),0,1),1)+IFERROR(IF(AND(LEN(E100)=10,ISNUMBER(VALUE(E100))),0,1),1)+IFERROR(IF(AND(ISNUMBER(SEARCH("@",F100)),ISNUMBER(SEARCH(".",F100))),0,1),1)+IFERROR(IF(AND(LEN(J100)=6,ISNUMBER(VALUE(J100))),0,1),1)+IFERROR(IF(ISNUMBER(MATCH(TRIM(I100),Lists!$A$2:$A$20,0)),0,1),1)+IFERROR(IF(AND(LEN(K100)=10,VALUE(LEFT(K100,FIND("/",K100)-1))>=1,VALUE(LEFT(K100,FIND("/",K100)-1))<=31,VALUE(LEFT(MID(K100,FIND("/",K100)+1,10),FIND("/",MID(K100,FIND("/",K100)+1,10))-1))>=1,VALUE(LEFT(MID(K100,FIND("/",K100)+1,10),FIND("/",MID(K100,FIND("/",K100)+1,10))-1))<=12,VALUE(LEFT(K100,FIND("/",K100)-1))<=DAY(EOMONTH(DATE(VALUE(MID(MID(K100,FIND("/",K100)+1,10),FIND("/",MID(K100,FIND("/",K100)+1,10))+1,4)),VALUE(LEFT(MID(K100,FIND("/",K100)+1,10),FIND("/",MID(K100,FIND("/",K100)+1,10))-1)),1),0))),0,1),1)+IFERROR(IF(M100>=0,0,1),1)+IFERROR(IF(ISNUMBER(MATCH(N100,Lists!$B$2:$B$7,0)),0,1),1))=0,"OK","ERROR")) | Q100: =IF(D100="","",TRIM(IF(IFERROR(IF(AND(TRIM(D100)=D100,LEN(D100)>0),0,1),1)=1,"Name; ","")&IF(IFERROR(IF(AND(LEN(E100)=10,ISNUMBER(VALUE(E100))),0,1),1)=1,"Phone; ","")&IF(IFERROR(IF(AND(ISNUMBER(SEARCH("@",F100)),ISNUMBER(SEARCH(".",F100))),0,1),1)=1,"Email; ","")&IF(IFERROR(IF(AND(LEN(J100)=6,ISNUMBER(VALUE(J100))),0,1),1)=1,"Pincode; ","")&IF(IFERROR(IF(ISNUMBER(MATCH(TRIM(I100),Lists!$A$2:$A$20,0)),0,1),1)=1,"State; ","")&IF(IFERROR(IF(AND(LEN(K100)=10,VALUE(LEFT(K100,FIND("/",K100)-1))>=1,VALUE(LEFT(K100,FIND("/",K100)-1))<=31,VALUE(LEFT(MID(K100,FIND("/",K100)+1,10),FIND("/",MID(K100,FIND("/",K100)+1,10))-1))>=1,VALUE(LEFT(MID(K100,FIND("/",K100)+1,10),FIND("/",MID(K100,FIND("/",K100)+1,10))-1))<=12,VALUE(LEFT(K100,FIND("/",K100)-1))<=DAY(EOMONTH(DATE(VALUE(MID(MID(K100,FIND("/",K100)+1,10),FIND("/",MID(K100,FIND("/",K100)+1,10))+1,4)),VALUE(LEFT(MID(K100,FIND("/",K100)+1,10),FIND("/",MID(K100,FIND("/",K100)+1,10))-1)),1),0))),0,1),1)=1,"Date; ","")&IF(IFERROR(IF(M100>=0,0,1),1)=1,"Amount; ","")&IF(IFERROR(IF(ISNUMBER(MATCH(N100,Lists!$B$2:$B$7,0)),0,1),1)=1,"Payment; ",""))) | R100: =IF(D100="","",IF(COUNTIFS($D$2:$D$701,D100,$E$2:$E$701,E100)>1,"DUPLICATE","Unique"))
A101: 100 | B101: 2 | C101: CUST00100 | D101: Madhav Konda | E101: 9668516122 | F101: madhav.konda489@yahoo.com | G101: 22/21, Raja | H101: Gurugram | I101: Haryana | J101: 304637 | K101: 30/06/2024 | L101: Printer Cartridge | M101: 4969.74 | N101: Cheque | O101: =IFERROR(LEN(C101&D101&E101&F101&G101&H101&I101&J101&K101&L101&M101&N101)/5,0) -> 25.6 | P101: =IF(OR(D101="",C101=""),"",IF((IFERROR(IF(AND(TRIM(D101)=D101,LEN(D101)>0),0,1),1)+IFERROR(IF(AND(LEN(E101)=10,ISNUMBER(VALUE(E101))),0,1),1)+IFERROR(IF(AND(ISNUMBER(SEARCH("@",F101)),ISNUMBER(SEARCH(".",F101))),0,1),1)+IFERROR(IF(AND(LEN(J101)=6,ISNUMBER(VALUE(J101))),0,1),1)+IFERROR(IF(ISNUMBER(MATCH(TRIM(I101),Lists!$A$2:$A$20,0)),0,1),1)+IFERROR(IF(AND(LEN(K101)=10,VALUE(LEFT(K101,FIND("/",K101)-1))>=1,VALUE(LEFT(K101,FIND("/",K101)-1))<=31,VALUE(LEFT(MID(K101,FIND("/",K101)+1,10),FIND("/",MID(K101,FIND("/",K101)+1,10))-1))>=1,VALUE(LEFT(MID(K101,FIND("/",K101)+1,10),FIND("/",MID(K101,FIND("/",K101)+1,10))-1))<=12,VALUE(LEFT(K101,FIND("/",K101)-1))<=DAY(EOMONTH(DATE(VALUE(MID(MID(K101,FIND("/",K101)+1,10),FIND("/",MID(K101,FIND("/",K101)+1,10))+1,4)),VALUE(LEFT(MID(K101,FIND("/",K101)+1,10),FIND("/",MID(K101,FIND("/",K101)+1,10))-1)),1),0))),0,1),1)+IFERROR(IF(M101>=0,0,1),1)+IFERROR(IF(ISNUMBER(MATCH(N101,Lists!$B$2:$B$7,0)),0,1),1))=0,"OK","ERROR")) -> OK | Q101: =IF(D101="","",TRIM(IF(IFERROR(IF(AND(TRIM(D101)=D101,LEN(D101)>0),0,1),1)=1,"Name; ","")&IF(IFERROR(IF(AND(LEN(E101)=10,ISNUMBER(VALUE(E101))),0,1),1)=1,"Phone; ","")&IF(IFERROR(IF(AND(ISNUMBER(SEARCH("@",F101)),ISNUMBER(SEARCH(".",F101))),0,1),1)=1,"Email; ","")&IF(IFERROR(IF(AND(LEN(J101)=6,ISNUMBER(VALUE(J101))),0,1),1)=1,"Pincode; ","")&IF(IFERROR(IF(ISNUMBER(MATCH(TRIM(I101),Lists!$A$2:$A$20,0)),0,1),1)=1,"State; ","")&IF(IFERROR(IF(AND(LEN(K101)=10,VALUE(LEFT(K101,FIND("/",K101)-1))>=1,VALUE(LEFT(K101,FIND("/",K101)-1))<=31,VALUE(LEFT(MID(K101,FIND("/",K101)+1,10),FIND("/",MID(K101,FIND("/",K101)+1,10))-1))>=1,VALUE(LEFT(MID(K101,FIND("/",K101)+1,10),FIND("/",MID(K101,FIND("/",K101)+1,10))-1))<=12,VALUE(LEFT(K101,FIND("/",K101)-1))<=DAY(EOMONTH(DATE(VALUE(MID(MID(K101,FIND("/",K101)+1,10),FIND("/",MID(K101,FIND("/",K101)+1,10))+1,4)),VALUE(LEFT(MID(K101,FIND("/",K101)+1,10),FIND("/",MID(K101,FIND("/",K101)+1,10))-1)),1),0))),0,1),1)=1,"Date; ","")&IF(IFERROR(IF(M101>=0,0,1),1)=1,"Amount; ","")&IF(IFERROR(IF(ISNUMBER(MATCH(N101,Lists!$B$2:$B$7,0)),0,1),1)=1,"Payment; ",""))) | R101: =IF(D101="","",IF(COUNTIFS($D$2:$D$701,D101,$E$2:$E$701,E101)>1,"DUPLICATE","Unique")) -> Unique
A102: 101 | B102: 3 | C102: CUST00101 | D102: Widisha Dhar | E102: 9530174268 | F102: widisha.dhar946@outlook.com | G102: 47, Andra Road | H102: Gurugram | I102: Haryana | J102: 414593 | K102: 24/03/2024 | L102: LED Desk Lamp | M102: 7754.27 | N102: Debit Card | O102: =IFERROR(LEN(C102&D102&E102&F102&G102&H102&I102&J102&K102&L102&M102&N102)/5,0) -> 26.6 | P102: =IF(OR(D102="",C102=""),"",IF((IFERROR(IF(AND(TRIM(D102)=D102,LEN(D102)>0),0,1),1)+IFERROR(IF(AND(LEN(E102)=10,ISNUMBER(VALUE(E102))),0,1),1)+IFERROR(IF(AND(ISNUMBER(SEARCH("@",F102)),ISNUMBER(SEARCH(".",F102))),0,1),1)+IFERROR(IF(AND(LEN(J102)=6,ISNUMBER(VALUE(J102))),0,1),1)+IFERROR(IF(ISNUMBER(MATCH(TRIM(I102),Lists!$A$2:$A$20,0)),0,1),1)+IFERROR(IF(AND(LEN(K102)=10,VALUE(LEFT(K102,FIND("/",K102)-1))>=1,VALUE(LEFT(K102,FIND("/",K102)-1))<=31,VALUE(LEFT(MID(K102,FIND("/",K102)+1,10),FIND("/",MID(K102,FIND("/",K102)+1,10))-1))>=1,VALUE(LEFT(MID(K102,FIND("/",K102)+1,10),FIND("/",MID(K102,FIND("/",K102)+1,10))-1))<=12,VALUE(LEFT(K102,FIND("/",K102)-1))<=DAY(EOMONTH(DATE(VALUE(MID(MID(K102,FIND("/",K102)+1,10),FIND("/",MID(K102,FIND("/",K102)+1,10))+1,4)),VALUE(LEFT(MID(K102,FIND("/",K102)+1,10),FIND("/",MID(K102,FIND("/",K102)+1,10))-1)),1),0))),0,1),1)+IFERROR(IF(M102>=0,0,1),1)+IFERROR(IF(ISNUMBER(MATCH(N102,Lists!$B$2:$B$7,0)),0,1),1))=0,"OK","ERROR")) -> OK | Q102: =IF(D102="","",TRIM(IF(IFERROR(IF(AND(TRIM(D102)=D102,LEN(D102)>0),0,1),1)=1,"Name; ","")&IF(IFERROR(IF(AND(LEN(E102)=10,ISNUMBER(VALUE(E102))),0,1),1)=1,"Phone; ","")&IF(IFERROR(IF(AND(ISNUMBER(SEARCH("@",F102)),ISNUMBER(SEARCH(".",F102))),0,1),1)=1,"Email; ","")&IF(IFERROR(IF(AND(LEN(J102)=6,ISNUMBER(VALUE(J102))),0,1),1)=1,"Pincode; ","")&IF(IFERROR(IF(ISNUMBER(MATCH(TRIM(I102),Lists!$A$2:$A$20,0)),0,1),1)=1,"State; ","")&IF(IFERROR(IF(AND(LEN(K102)=10,VALUE(LEFT(K102,FIND("/",K102)-1))>=1,VALUE(LEFT(K102,FIND("/",K102)-1))<=31,VALUE(LEFT(MID(K102,FIND("/",K102)+1,10),FIND("/",MID(K102,FIND("/",K102)+1,10))-1))>=1,VALUE(LEFT(MID(K102,FIND("/",K102)+1,10),FIND("/",MID(K102,FIND("/",K102)+1,10))-1))<=12,VALUE(LEFT(K102,FIND("/",K102)-1))<=DAY(EOMONTH(DATE(VALUE(MID(MID(K102,FIND("/",K102)+1,10),FIND("/",MID(K102,FIND("/",K102)+1,10))+1,4)),VALUE(LEFT(MID(K102,FIND("/",K102)+1,10),FIND("/",MID(K102,FIND("/",K102)+1,10))-1)),1),0))),0,1),1)=1,"Date; ","")&IF(IFERROR(IF(M102>=0,0,1),1)=1,"Amount; ","")&IF(IFERROR(IF(ISNUMBER(MATCH(N102,Lists!$B$2:$B$7,0)),0,1),1)=1,"Payment; ",""))) | R102: =IF(D102="","",IF(COUNTIFS($D$2:$D$701,D102,$E$2:$E$701,E102)>1,"DUPLICATE","Unique")) -> Unique
A103: 102 | B103: 3 | C103: CUST00102 | D103: Bhavna Dugar | E103: 9783391878 | F103: bhavna.dugar721@yahoo.com | G103: 59, Samra Road | H103: Warangal | I103: odisha | J103: 191088 | K103: 19/02/2024 | L103: Webcam | M103: 8678.23 | N103: UPI | O103: =IFERROR(LEN(C103&D103&E103&F103&G103&H103&I103&J103&K103&L103&M103&N103)/5,0) -> 23.2 | P103: =IF(OR(D103="",C103=""),"",IF((IFERROR(IF(AND(TRIM(D103)=D103,LEN(D103)>0),0,1),1)+IFERROR(IF(AND(LEN(E103)=10,ISNUMBER(VALUE(E103))),0,1),1)+IFERROR(IF(AND(ISNUMBER(SEARCH("@",F103)),ISNUMBER(SEARCH(".",F103))),0,1),1)+IFERROR(IF(AND(LEN(J103)=6,ISNUMBER(VALUE(J103))),0,1),1)+IFERROR(IF(ISNUMBER(MATCH(TRIM(I103),Lists!$A$2:$A$20,0)),0,1),1)+IFERROR(IF(AND(LEN(K103)=10,VALUE(LEFT(K103,FIND("/",K103)-1))>=1,VALUE(LEFT(K103,FIND("/",K103)-1))<=31,VALUE(LEFT(MID(K103,FIND("/",K103)+1,10),FIND("/",MID(K103,FIND("/",K103)+1,10))-1))>=1,VALUE(LEFT(MID(K103,FIND("/",K103)+1,10),FIND("/",MID(K103,FIND("/",K103)+1,10))-1))<=12,VALUE(LEFT(K103,FIND("/",K103)-1))<=DAY(EOMONTH(DATE(VALUE(MID(MID(K103,FIND("/",K103)+1,10),FIND("/",MID(K103,FIND("/",K103)+1,10))+1,4)),VALUE(LEFT(MID(K103,FIND("/",K103)+1,10),FIND("/",MID(K103,FIND("/",K103)+1,10))-1)),1),0))),0,1),1)+IFERROR(IF(M103>=0,0,1),1)+IFERROR(IF(ISNUMBER(MATCH(N103,Lists!$B$2:$B$7,0)),0,1),1))=0,"OK","ERROR")) -> OK | Q103: =IF(D103="","",TRIM(IF(IFERROR(IF(AND(TRIM(D103)=D103,LEN(D103)>0),0,1),1)=1,"Name; ","")&IF(IFERROR(IF(AND(LEN(E103)=10,ISNUMBER(VALUE(E103))),0,1),1)=1,"Phone; ","")&IF(IFERROR(IF(AND(ISNUMBER(SEARCH("@",F103)),ISNUMBER(SEARCH(".",F103))),0,1),1)=1,"Email; ","")&IF(IFERROR(IF(AND(LEN(J103)=6,ISNUMBER(VALUE(J103))),0,1),1)=1,"Pincode; ","")&IF(IFERROR(IF(ISNUMBER(MATCH(TRIM(I103),Lists!$A$2:$A$20,0)),0,1),1)=1,"State; ","")&IF(IFERROR(IF(AND(LEN(K103)=10,VALUE(LEFT(K103,FIND("/",K103)-1))>=1,VALUE(LEFT(K103,FIND("/",K103)-1))<=31,VALUE(LEFT(MID(K103,FIND("/",K103)+1,10),FIND("/",MID(K103,FIND("/",K103)+1,10))-1))>=1,VALUE(LEFT(MID(K103,FIND("/",K103)+1,10),FIND("/",MID(K103,FIND("/",K103)+1,10))-1))<=12,VALUE(LEFT(K103,FIND("/",K103)-1))<=DAY(EOMONTH(DATE(VALUE(MID(MID(K103,FIND("/",K103)+1,10),FIND("/",MID(K103,FIND("/",K103)+1,10))+1,4)),VALUE(LEFT(MID(K103,FIND("/",K103)+1,10),FIND("/",MID(K103,FIND("/",K103)+1,10))-1)),1),0))),0,1),1)=1,"Date; ","")&IF(IFERROR(IF(M103>=0,0,1),1)=1,"Amount; ","")&IF(IFERROR(IF(ISNUMBER(MATCH(N103,Lists!$B$2:$B$7,0)),0,1),1)=1,"Payment; ",""))) | R103: =IF(D103="","",IF(COUNTIFS($D$2:$D$701,D103,$E$2:$E$701,E103)>1,"DUPLICATE","Unique")) -> Unique
A104: 103 | B104: 3 | C104: CUST00103 | D104: Tanmayi Mittal | E104: 9397187072 | F104: tanmayi.mittal526@yahoo.com | G104: 71, Raj Ganj | H104: Madurai | I104: Tamil Nadu | J104: 790874 | K104: 14/02/2023 | L104: A4 Paper Ream | M104: 4219.42 | N104: Cash | O104: =IFERROR(LEN(C104&D104&E104&F104&G104&H104&I104&J104&K104&L104&M104&N104)/5,0) -> 25.8 | P104: =IF(OR(D104="",C104=""),"",IF((IFERROR(IF(AND(TRIM(D104)=D104,LEN(D104)>0),0,1),1)+IFERROR(IF(AND(LEN(E104)=10,ISNUMBER(VALUE(E104))),0,1),1)+IFERROR(IF(AND(ISNUMBER(SEARCH("@",F104)),ISNUMBER(SEARCH(".",F104))),0,1),1)+IFERROR(IF(AND(LEN(J104)=6,ISNUMBER(VALUE(J104))),0,1),1)+IFERROR(IF(ISNUMBER(MATCH(TRIM(I104),Lists!$A$2:$A$20,0)),0,1),1)+IFERROR(IF(AND(LEN(K104)=10,VALUE(LEFT(K104,FIND("/",K104)-1))>=1,VALUE(LEFT(K104,FIND("/",K104)-1))<=31,VALUE(LEFT(MID(K104,FIND("/",K104)+1,10),FIND("/",MID(K104,FIND("/",K104)+1,10))-1))>=1,VALUE(LEFT(MID(K104,FIND("/",K104)+1,10),FIND("/",MID(K104,FIND("/",K104)+1,10))-1))<=12,VALUE(LEFT(K104,FIND("/",K104)-1))<=DAY(EOMONTH(DATE(VALUE(MID(MID(K104,FIND("/",K104)+1,10),FIND("/",MID(K104,FIND("/",K104)+1,10))+1,4)),VALUE(LEFT(MID(K104,FIND("/",K104)+1,10),FIND("/",MID(K104,FIND("/",K104)+1,10))-1)),1),0))),0,1),1)+IFERROR(IF(M104>=0,0,1),1)+IFERROR(IF(ISNUMBER(MATCH(N104,Lists!$B$2:$B$7,0)),0,1),1))=0,"OK","ERROR")) -> OK | Q104: =IF(D104="","",TRIM(IF(IFERROR(IF(AND(TRIM(D104)=D104,LEN(D104)>0),0,1),1)=1,"Name; ","")&IF(IFERROR(IF(AND(LEN(E104)=10,ISNUMBER(VALUE(E104))),0,1),1)=1,"Phone; ","")&IF(IFERROR(IF(AND(ISNUMBER(SEARCH("@",F104)),ISNUMBER(SEARCH(".",F104))),0,1),1)=1,"Email; ","")&IF(IFERROR(IF(AND(LEN(J104)=6,ISNUMBER(VALUE(J104))),0,1),1)=1,"Pincode; ","")&IF(IFERROR(IF(ISNUMBER(MATCH(TRIM(I104),Lists!$A$2:$A$20,0)),0,1),1)=1,"State; ","")&IF(IFERROR(IF(AND(LEN(K104)=10,VALUE(LEFT(K104,FIND("/",K104)-1))>=1,VALUE(LEFT(K104,FIND("/",K104)-1))<=31,VALUE(LEFT(MID(K104,FIND("/",K104)+1,10),FIND("/",MID(K104,FIND("/",K104)+1,10))-1))>=1,VALUE(LEFT(MID(K104,FIND("/",K104)+1,10),FIND("/",MID(K104,FIND("/",K104)+1,10))-1))<=12,VALUE(LEFT(K104,FIND("/",K104)-1))<=DAY(EOMONTH(DATE(VALUE(MID(MID(K104,FIND("/",K104)+1,10),FIND("/",MID(K104,FIND("/",K104)+1,10))+1,4)),VALUE(LEFT(MID(K104,FIND("/",K104)+1,10),FIND("/",MID(K104,FIND("/",K104)+1,10))-1)),1),0))),0,1),1)=1,"Date; ","")&IF(IFERROR(IF(M104>=0,0,1),1)=1,"Amount; ","")&IF(IFERROR(IF(ISNUMBER(MATCH(N104,Lists!$B$2:$B$7,0)),0,1),1)=1,"Payment; ",""))) | R104: =IF(D104="","",IF(COUNTIFS($D$2:$D$701,D104,$E$2:$E$701,E104)>1,"DUPLICATE","Unique")) -> Unique
A105: 104 | B105: 3 | C105: CUST00104 | D105: Chakrika Merchant | E105: 9651801704 | F105: chakrika.merchant419@gmail.com | G105: 64/090, Taneja | H105: Rohini | I105: Delhi | J105: 265676 | K105: 08/02/2025 | L105: Office Chair | M105: 10986.14 | N105: Cheque | O105: =IFERROR(LEN(C105&D105&E105&F105&G105&H105&I105&J105&K105&L105&M105&N105)/5,0) -> 26.6 | P105: =IF(OR(D105="",C105=""),"",IF((IFERROR(IF(AND(TRIM(D105)=D105,LEN(D105)>0),0,1),1)+IFERROR(IF(AND(LEN(E105)=10,ISNUMBER(VALUE(E105))),0,1),1)+IFERROR(IF(AND(ISNUMBER(SEARCH("@",F105)),ISNUMBER(SEARCH(".",F105))),0,1),1)+IFERROR(IF(AND(LEN(J105)=6,ISNUMBER(VALUE(J105))),0,1),1)+IFERROR(IF(ISNUMBER(MATCH(TRIM(I105),Lists!$A$2:$A$20,0)),0,1),1)+IFERROR(IF(AND(LEN(K105)=10,VALUE(LEFT(K105,FIND("/",K105)-1))>=1,VALUE(LEFT(K105,FIND("/",K105)-1))<=31,VALUE(LEFT(MID(K105,FIND("/",K105)+1,10),FIND("/",MID(K105,FIND("/",K105)+1,10))-1))>=1,VALUE(LEFT(MID(K105,FIND("/",K105)+1,10),FIND("/",MID(K105,FIND("/",K105)+1,10))-1))<=12,VALUE(LEFT(K105,FIND("/",K105)-1))<=DAY(EOMONTH(DATE(VALUE(MID(MID(K105,FIND("/",K105)+1,10),FIND("/",MID(K105,FIND("/",K105)+1,10))+1,4)),VALUE(LEFT(MID(K105,FIND("/",K105)+1,10),FIND("/",MID(K105,FIND("/",K105)+1,10))-1)),1),0))),0,1),1)+IFERROR(IF(M105>=0,0,1),1)+IFERROR(IF(ISNUMBER(MATCH(N105,Lists!$B$2:$B$7,0)),0,1),1))=0,"OK","ERROR")) -> OK | Q105: =IF(D105="","",TRIM(IF(IFERROR(IF(AND(TRIM(D105)=D105,LEN(D105)>0),0,1),1)=1,"Name; ","")&IF(IFERROR(IF(AND(LEN(E105)=10,ISNUMBER(VALUE(E105))),0,1),1)=1,"Phone; ","")&IF(IFERROR(IF(AND(ISNUMBER(SEARCH("@",F105)),ISNUMBER(SEARCH(".",F105))),0,1),1)=1,"Email; ","")&IF(IFERROR(IF(AND(LEN(J105)=6,ISNUMBER(VALUE(J105))),0,1),1)=1,"Pincode; ","")&IF(IFERROR(IF(ISNUMBER(MATCH(TRIM(I105),Lists!$A$2:$A$20,0)),0,1),1)=1,"State; ","")&IF(IFERROR(IF(AND(LEN(K105)=10,VALUE(LEFT(K105,FIND("/",K105)-1))>=1,VALUE(LEFT(K105,FIND("/",K105)-1))<=31,VALUE(LEFT(MID(K105,FIND("/",K105)+1,10),FIND("/",MID(K105,FIND("/",K105)+1,10))-1))>=1,VALUE(LEFT(MID(K105,FIND("/",K105)+1,10),FIND("/",MID(K105,FIND("/",K105)+1,10))-1))<=12,VALUE(LEFT(K105,FIND("/",K105)-1))<=DAY(EOMONTH(DATE(VALUE(MID(MID(K105,FIND("/",K105)+1,10),FIND("/",MID(K105,FIND("/",K105)+1,10))+1,4)),VALUE(LEFT(MID(K105,FIND("/",K105)+1,10),FIND("/",MID(K105,FIND("/",K105)+1,10))-1)),1),0))),0,1),1)=1,"Date; ","")&IF(IFERROR(IF(M105>=0,0,1),1)=1,"Amount; ","")&IF(IFERROR(IF(ISNUMBER(MATCH(N105,Lists!$B$2:$B$7,0)),0,1),1)=1,"Payment; ",""))) | R105: =IF(D105="","",IF(COUNTIFS($D$2:$D$701,D105,$E$2:$E$701,E105)>1,"DUPLICATE","Unique")) -> Unique
A106: 105 | B106: 3 | C106: CUST00105 | D106: Victor Pandey | E106: 9512868230 | F106: victor.pandey775@gmail.com | G106: 39/421, More Nagar | H106: Guwahati | I106: Assam | J106: 478686 | K106: 15/04/2024 | L106: Laptop Stand | M106: 7476.88 | N106: UPI | O106: =IFERROR(LEN(C106&D106&E106&F106&G106&H106&I106&J106&K106&L106&M106&N106)/5,0) -> 25.4 | P106: =IF(OR(D106="",C106=""),"",IF((IFERROR(IF(AND(TRIM(D106)=D106,LEN(D106)>0),0,1),1)+IFERROR(IF(AND(LEN(E106)=10,ISNUMBER(VALUE(E106))),0,1),1)+IFERROR(IF(AND(ISNUMBER(SEARCH("@",F106)),ISNUMBER(SEARCH(".",F106))),0,1),1)+IFERROR(IF(AND(LEN(J106)=6,ISNUMBER(VALUE(J106))),0,1),1)+IFERROR(IF(ISNUMBER(MATCH(TRIM(I106),Lists!$A$2:$A$20,0)),0,1),1)+IFERROR(IF(AND(LEN(K106)=10,VALUE(LEFT(K106,FIND("/",K106)-1))>=1,VALUE(LEFT(K106,FIND("/",K106)-1))<=31,VALUE(LEFT(MID(K106,FIND("/",K106)+1,10),FIND("/",MID(K106,FIND("/",K106)+1,10))-1))>=1,VALUE(LEFT(MID(K106,FIND("/",K106)+1,10),FIND("/",MID(K106,FIND("/",K106)+1,10))-1))<=12,VALUE(LEFT(K106,FIND("/",K106)-1))<=DAY(EOMONTH(DATE(VALUE(MID(MID(K106,FIND("/",K106)+1,10),FIND("/",MID(K106,FIND("/",K106)+1,10))+1,4)),VALUE(LEFT(MID(K106,FIND("/",K106)+1,10),FIND("/",MID(K106,FIND("/",K106)+1,10))-1)),1),0))),0,1),1)+IFERROR(IF(M106>=0,0,1),1)+IFERROR(IF(ISNUMBER(MATCH(N106,Lists!$B$2:$B$7,0)),0,1),1))=0,"OK","ERROR")) -> OK | Q106: =IF(D106="","",TRIM(IF(IFERROR(IF(AND(TRIM(D106)=D106,LEN(D106)>0),0,1),1)=1,"Name; ","")&IF(IFERROR(IF(AND(LEN(E106)=10,ISNUMBER(VALUE(E106))),0,1),1)=1,"Phone; ","")&IF(IFERROR(IF(AND(ISNUMBER(SEARCH("@",F106)),ISNUMBER(SEARCH(".",F106))),0,1),1)=1,"Email; ","")&IF(IFERROR(IF(AND(LEN(J106)=6,ISNUMBER(VALUE(J106))),0,1),1)=1,"Pincode; ","")&IF(IFERROR(IF(ISNUMBER(MATCH(TRIM(I106),Lists!$A$2:$A$20,0)),0,1),1)=1,"State; ","")&IF(IFERROR(IF(AND(LEN(K106)=10,VALUE(LEFT(K106,FIND("/",K106)-1))>=1,VALUE(LEFT(K106,FIND("/",K106)-1))<=31,VALUE(LEFT(MID(K106,FIND("/",K106)+1,10),FIND("/",MID(K106,FIND("/",K106)+1,10))-1))>=1,VALUE(LEFT(MID(K106,FIND("/",K106)+1,10),FIND("/",MID(K106,FIND("/",K106)+1,10))-1))<=12,VALUE(LEFT(K106,FIND("/",K106)-1))<=DAY(EOMONTH(DATE(VALUE(MID(MID(K106,FIND("/",K106)+1,10),FIND("/",MID(K106,FIND("/",K106)+1,10))+1,4)),VALUE(LEFT(MID(K106,FIND("/",K106)+1,10),FIND("/",MID(K106,FIND("/",K106)+1,10))-1)),1),0))),0,1),1)=1,"Date; ","")&IF(IFERROR(IF(M106>=0,0,1),1)=1,"Amount; ","")&IF(IFERROR(IF(ISNUMBER(MATCH(N106,Lists!$B$2:$B$7,0)),0,1),1)=1,"Payment; ",""))) | R106: =IF(D106="","",IF(COUNTIFS($D$2:$D$701,D106,$E$2:$E$701,E106)>1,"DUPLICATE","Unique")) -> Unique
A107: 106 | B107: 3 | C107: CUST00106 | D107: Bahadurjit Patla | E107: 9106903311 | F107: bahadurjit.patla609@gmail.com | G107: H.No. 456, Iyer Street | H107: Bhopal | I107: Madhya Pradesh | J107: 790306 | K107: 17/06/2025 | L107: Laptop Stand | M107: 8727.2 | N107: Cash | O107: =IFERROR(LEN(C107&D107&E107&F107&G107&H107&I107&J107&K107&L107&M107&N107)/5,0) -> 28.8 | P107: =IF(OR(D107="",C107=""),"",IF((IFERROR(IF(AND(TRIM(D107)=D107,LEN(D107)>0),0,1),1)+IFERROR(IF(AND(LEN(E107)=10,ISNUMBER(VALUE(E107))),0,1),1)+IFERROR(IF(AND(ISNUMBER(SEARCH("@",F107)),ISNUMBER(SEARCH(".",F107))),0,1),1)+IFERROR(IF(AND(LEN(J107)=6,ISNUMBER(VALUE(J107))),0,1),1)+IFERROR(IF(ISNUMBER(MATCH(TRIM(I107),Lists!$A$2:$A$20,0)),0,1),1)+IFERROR(IF(AND(LEN(K107)=10,VALUE(LEFT(K107,FIND("/",K107)-1))>=1,VALUE(LEFT(K107,FIND("/",K107)-1))<=31,VALUE(LEFT(MID(K107,FIND("/",K107)+1,10),FIND("/",MID(K107,FIND("/",K107)+1,10))-1))>=1,VALUE(LEFT(MID(K107,FIND("/",K107)+1,10),FIND("/",MID(K107,FIND("/",K107)+1,10))-1))<=12,VALUE(LEFT(K107,FIND("/",K107)-1))<=DAY(EOMONTH(DATE(VALUE(MID(MID(K107,FIND("/",K107)+1,10),FIND("/",MID(K107,FIND("/",K107)+1,10))+1,4)),VALUE(LEFT(MID(K107,FIND("/",K107)+1,10),FIND("/",MID(K107,FIND("/",K107)+1,10))-1)),1),0))),0,1),1)+IFERROR(IF(M107>=0,0,1),1)+IFERROR(IF(ISNUMBER(MATCH(N107,Lists!$B$2:$B$7,0)),0,1),1))=0,"OK","ERROR")) -> OK | Q107: =IF(D107="","",TRIM(IF(IFERROR(IF(AND(TRIM(D107)=D107,LEN(D107)>0),0,1),1)=1,"Name; ","")&IF(IFERROR(IF(AND(LEN(E107)=10,ISNUMBER(VALUE(E107))),0,1),1)=1,"Phone; ","")&IF(IFERROR(IF(AND(ISNUMBER(SEARCH("@",F107)),ISNUMBER(SEARCH(".",F107))),0,1),1)=1,"Email; ","")&IF(IFERROR(IF(AND(LEN(J107)=6,ISNUMBER(VALUE(J107))),0,1),1)=1,"Pincode; ","")&IF(IFERROR(IF(ISNUMBER(MATCH(TRIM(I107),Lists!$A$2:$A$20,0)),0,1),1)=1,"State; ","")&IF(IFERROR(IF(AND(LEN(K107)=10,VALUE(LEFT(K107,FIND("/",K107)-1))>=1,VALUE(LEFT(K107,FIND("/",K107)-1))<=31,VALUE(LEFT(MID(K107,FIND("/",K107)+1,10),FIND("/",MID(K107,FIND("/",K107)+1,10))-1))>=1,VALUE(LEFT(MID(K107,FIND("/",K107)+1,10),FIND("/",MID(K107,FIND("/",K107)+1,10))-1))<=12,VALUE(LEFT(K107,FIND("/",K107)-1))<=DAY(EOMONTH(DATE(VALUE(MID(MID(K107,FIND("/",K107)+1,10),FIND("/",MID(K107,FIND("/",K107)+1,10))+1,4)),VALUE(LEFT(MID(K107,FIND("/",K107)+1,10),FIND("/",MID(K107,FIND("/",K107)+1,10))-1)),1),0))),0,1),1)=1,"Date; ","")&IF(IFERROR(IF(M107>=0,0,1),1)=1,"Amount; ","")&IF(IFERROR(IF(ISNUMBER(MATCH(N107,Lists!$B$2:$B$7,0)),0,1),1)=1,"Payment; ",""))) | R107: =IF(D107="","",IF(COUNTIFS($D$2:$D$701,D107,$E$2:$E$701,E107)>1,"DUPLICATE","Unique")) -> Unique
A108: 107 | B108: 3 | C108: CUST00107 | D108: Jasmit Wali | E108: 9395995342 | F108: jasmit.wali677@outlook.com | G108: 474, Contractor Path | H108: Durg | I108: Chhattisgarh | J108: 364408 | K108: 26/04/2026 | L108: Table Fan | M108: 11815.35 | N108: UPI | O108: =IFERROR(LEN(C108&D108&E108&F108&G108&H108&I108&J108&K108&L108&M108&N108)/5,0) -> 25.6 | P108: =IF(OR(D108="",C108=""),"",IF((IFERROR(IF(AND(TRIM(D108)=D108,LEN(D108)>0),0,1),1)+IFERROR(IF(AND(LEN(E108)=10,ISNUMBER(VALUE(E108))),0,1),1)+IFERROR(IF(AND(ISNUMBER(SEARCH("@",F108)),ISNUMBER(SEARCH(".",F108))),0,1),1)+IFERROR(IF(AND(LEN(J108)=6,ISNUMBER(VALUE(J108))),0,1),1)+IFERROR(IF(ISNUMBER(MATCH(TRIM(I108),Lists!$A$2:$A$20,0)),0,1),1)+IFERROR(IF(AND(LEN(K108)=10,VALUE(LEFT(K108,FIND("/",K108)-1))>=1,VALUE(LEFT(K108,FIND("/",K108)-1))<=31,VALUE(LEFT(MID(K108,FIND("/",K108)+1,10),FIND("/",MID(K108,FIND("/",K108)+1,10))-1))>=1,VALUE(LEFT(MID(K108,FIND("/",K108)+1,10),FIND("/",MID(K108,FIND("/",K108)+1,10))-1))<=12,VALUE(LEFT(K108,FIND("/",K108)-1))<=DAY(EOMONTH(DATE(VALUE(MID(MID(K108,FIND("/",K108)+1,10),FIND("/",MID(K108,FIND("/",K108)+1,10))+1,4)),VALUE(LEFT(MID(K108,FIND("/",K108)+1,10),FIND("/",MID(K108,FIND("/",K108)+1,10))-1)),1),0))),0,1),1)+IFERROR(IF(M108>=0,0,1),1)+IFERROR(IF(ISNUMBER(MATCH(N108,Lists!$B$2:$B$7,0)),0,1),1))=0,"OK","ERROR")) -> OK | Q108: =IF(D108="","",TRIM(IF(IFERROR(IF(AND(TRIM(D108)=D108,LEN(D108)>0),0,1),1)=1,"Name; ","")&IF(IFERROR(IF(AND(LEN(E108)=10,ISNUMBER(VALUE(E108))),0,1),1)=1,"Phone; ","")&IF(IFERROR(IF(AND(ISNUMBER(SEARCH("@",F108)),ISNUMBER(SEARCH(".",F108))),0,1),1)=1,"Email; ","")&IF(IFERROR(IF(AND(LEN(J108)=6,ISNUMBER(VALUE(J108))),0,1),1)=1,"Pincode; ","")&IF(IFERROR(IF(ISNUMBER(MATCH(TRIM(I108),Lists!$A$2:$A$20,0)),0,1),1)=1,"State; ","")&IF(IFERROR(IF(AND(LEN(K108)=10,VALUE(LEFT(K108,FIND("/",K108)-1))>=1,VALUE(LEFT(K108,FIND("/",K108)-1))<=31,VALUE(LEFT(MID(K108,FIND("/",K108)+1,10),FIND("/",MID(K108,FIND("/",K108)+1,10))-1))>=1,VALUE(LEFT(MID(K108,FIND("/",K108)+1,10),FIND("/",MID(K108,FIND("/",K108)+1,10))-1))<=12,VALUE(LEFT(K108,FIND("/",K108)-1))<=DAY(EOMONTH(DATE(VALUE(MID(MID(K108,FIND("/",K108)+1,10),FIND("/",MID(K108,FIND("/",K108)+1,10))+1,4)),VALUE(LEFT(MID(K108,FIND("/",K108)+1,10),FIND("/",MID(K108,FIND("/",K108)+1,10))-1)),1),0))),0,1),1)=1,"Date; ","")&IF(IFERROR(IF(M108>=0,0,1),1)=1,"Amount; ","")&IF(IFERROR(IF(ISNUMBER(MATCH(N108,Lists!$B$2:$B$7,0)),0,1),1)=1,"Payment; ",""))) | R108: =IF(D108="","",IF(COUNTIFS($D$2:$D$701,D108,$E$2:$E$701,E108)>1,"DUPLICATE","Unique")) -> Unique
A109: 108 | B109: 3 | C109: CUST00108 | D109: Faqid Dhaliwal | E109: 9568566246 | F109: faqid.dhaliwal189@outlook.com | G109: 68/516, Lalla Nagar | H109: Vadodara | I109: Gujarat | J109: 733427 | K109: 29/04/2023 | L109: Keyboard | M109: 6719.3 | N109: Debit Card | O109: =IFERROR(LEN(C109&D109&E109&F109&G109&H109&I109&J109&K109&L109&M109&N109)/5,0) -> 27.2 | P109: =IF(OR(D109="",C109=""),"",IF((IFERROR(IF(AND(TRIM(D109)=D109,LEN(D109)>0),0,1),1)+IFERROR(IF(AND(LEN(E109)=10,ISNUMBER(VALUE(E109))),0,1),1)+IFERROR(IF(AND(ISNUMBER(SEARCH("@",F109)),ISNUMBER(SEARCH(".",F109))),0,1),1)+IFERROR(IF(AND(LEN(J109)=6,ISNUMBER(VALUE(J109))),0,1),1)+IFERROR(IF(ISNUMBER(MATCH(TRIM(I109),Lists!$A$2:$A$20,0)),0,1),1)+IFERROR(IF(AND(LEN(K109)=10,VALUE(LEFT(K109,FIND("/",K109)-1))>=1,VALUE(LEFT(K109,FIND("/",K109)-1))<=31,VALUE(LEFT(MID(K109,FIND("/",K109)+1,10),FIND("/",MID(K109,FIND("/",K109)+1,10))-1))>=1,VALUE(LEFT(MID(K109,FIND("/",K109)+1,10),FIND("/",MID(K109,FIND("/",K109)+1,10))-1))<=12,VALUE(LEFT(K109,FIND("/",K109)-1))<=DAY(EOMONTH(DATE(VALUE(MID(MID(K109,FIND("/",K109)+1,10),FIND("/",MID(K109,FIND("/",K109)+1,10))+1,4)),VALUE(LEFT(MID(K109,FIND("/",K109)+1,10),FIND("/",MID(K109,FIND("/",K109)+1,10))-1)),1),0))),0,1),1)+IFERROR(IF(M109>=0,0,1),1)+IFERROR(IF(ISNUMBER(MATCH(N109,Lists!$B$2:$B$7,0)),0,1),1))=0,"OK","ERROR")) -> OK | Q109: =IF(D109="","",TRIM(IF(IFERROR(IF(AND(TRIM(D109)=D109,LEN(D109)>0),0,1),1)=1,"Name; ","")&IF(IFERROR(IF(AND(LEN(E109)=10,ISNUMBER(VALUE(E109))),0,1),1)=1,"Phone; ","")&IF(IFERROR(IF(AND(ISNUMBER(SEARCH("@",F109)),ISNUMBER(SEARCH(".",F109))),0,1),1)=1,"Email; ","")&IF(IFERROR(IF(AND(LEN(J109)=6,ISNUMBER(VALUE(J109))),0,1),1)=1,"Pincode; ","")&IF(IFERROR(IF(ISNUMBER(MATCH(TRIM(I109),Lists!$A$2:$A$20,0)),0,1),1)=1,"State; ","")&IF(IFERROR(IF(AND(LEN(K109)=10,VALUE(LEFT(K109,FIND("/",K109)-1))>=1,VALUE(LEFT(K109,FIND("/",K109)-1))<=31,VALUE(LEFT(MID(K109,FIND("/",K109)+1,10),FIND("/",MID(K109,FIND("/",K109)+1,10))-1))>=1,VALUE(LEFT(MID(K109,FIND("/",K109)+1,10),FIND("/",MID(K109,FIND("/",K109)+1,10))-1))<=12,VALUE(LEFT(K109,FIND("/",K109)-1))<=DAY(EOMONTH(DATE(VALUE(MID(MID(K109,FIND("/",K109)+1,10),FIND("/",MID(K109,FIND("/",K109)+1,10))+1,4)),VALUE(LEFT(MID(K109,FIND("/",K109)+1,10),FIND("/",MID(K109,FIND("/",K109)+1,10))-1)),1),0))),0,1),1)=1,"Date; ","")&IF(IFERROR(IF(M109>=0,0,1),1)=1,"Amount; ","")&IF(IFERROR(IF(ISNUMBER(MATCH(N109,Lists!$B$2:$B$7,0)),0,1),1)=1,"Payment; ",""))) | R109: =IF(D109="","",IF(COUNTIFS($D$2:$D$701,D109,$E$2:$E$701,E109)>1,"DUPLICATE","Unique")) -> Unique
A110: 109 | B110: 3 | C110: CUST00109 | D110: Suhani Pillay | E110: 9435175183 | F110: suhani.pillay53@yahoo.com | G110: 65/13, Bakshi Chowk | H110: Guwahati | I110: Assam | J110: 699013 | K110: 18/04/2026 | L110: File Organizer | M110: 10807.92 | N110: UPI | O110: =IFERROR(LEN(C110&D110&E110&F110&G110&H110&I110&J110&K110&L110&M110&N110)/5,0) -> 27 | P110: =IF(OR(D110="",C110=""),"",IF((IFERROR(IF(AND(TRIM(D110)=D110,LEN(D110)>0),0,1),1)+IFERROR(IF(AND(LEN(E110)=10,ISNUMBER(VALUE(E110))),0,1),1)+IFERROR(IF(AND(ISNUMBER(SEARCH("@",F110)),ISNUMBER(SEARCH(".",F110))),0,1),1)+IFERROR(IF(AND(LEN(J110)=6,ISNUMBER(VALUE(J110))),0,1),1)+IFERROR(IF(ISNUMBER(MATCH(TRIM(I110),Lists!$A$2:$A$20,0)),0,1),1)+IFERROR(IF(AND(LEN(K110)=10,VALUE(LEFT(K110,FIND("/",K110)-1))>=1,VALUE(LEFT(K110,FIND("/",K110)-1))<=31,VALUE(LEFT(MID(K110,FIND("/",K110)+1,10),FIND("/",MID(K110,FIND("/",K110)+1,10))-1))>=1,VALUE(LEFT(MID(K110,FIND("/",K110)+1,10),FIND("/",MID(K110,FIND("/",K110)+1,10))-1))<=12,VALUE(LEFT(K110,FIND("/",K110)-1))<=DAY(EOMONTH(DATE(VALUE(MID(MID(K110,FIND("/",K110)+1,10),FIND("/",MID(K110,FIND("/",K110)+1,10))+1,4)),VALUE(LEFT(MID(K110,FIND("/",K110)+1,10),FIND("/",MID(K110,FIND("/",K110)+1,10))-1)),1),0))),0,1),1)+IFERROR(IF(M110>=0,0,1),1)+IFERROR(IF(ISNUMBER(MATCH(N110,Lists!$B$2:$B$7,0)),0,1),1))=0,"OK","ERROR")) -> ERROR | Q110: =IF(D110="","",TRIM(IF(IFERROR(IF(AND(TRIM(D110)=D110,LEN(D110)>0),0,1),1)=1,"Name; ","")&IF(IFERROR(IF(AND(LEN(E110)=10,ISNUMBER(VALUE(E110))),0,1),1)=1,"Phone; ","")&IF(IFERROR(IF(AND(ISNUMBER(SEARCH("@",F110)),ISNUMBER(SEARCH(".",F110))),0,1),1)=1,"Email; ","")&IF(IFERROR(IF(AND(LEN(J110)=6,ISNUMBER(VALUE(J110))),0,1),1)=1,"Pincode; ","")&IF(IFERROR(IF(ISNUMBER(MATCH(TRIM(I110),Lists!$A$2:$A$20,0)),0,1),1)=1,"State; ","")&IF(IFERROR(IF(AND(LEN(K110)=10,VALUE(LEFT(K110,FIND("/",K110)-1))>=1,VALUE(LEFT(K110,FIND("/",K110)-1))<=31,VALUE(LEFT(MID(K110,FIND("/",K110)+1,10),FIND("/",MID(K110,FIND("/",K110)+1,10))-1))>=1,VALUE(LEFT(MID(K110,FIND("/",K110)+1,10),FIND("/",MID(K110,FIND("/",K110)+1,10))-1))<=12,VALUE(LEFT(K110,FIND("/",K110)-1))<=DAY(EOMONTH(DATE(VALUE(MID(MID(K110,FIND("/",K110)+1,10),FIND("/",MID(K110,FIND("/",K110)+1,10))+1,4)),VALUE(LEFT(MID(K110,FIND("/",K110)+1,10),FIND("/",MID(K110,FIND("/",K110)+1,10))-1)),1),0))),0,1),1)=1,"Date; ","")&IF(IFERROR(IF(M110>=0,0,1),1)=1,"Amount; ","")&IF(IFERROR(IF(ISNUMBER(MATCH(N110,Lists!$B$2:$B$7,0)),0,1),1)=1,"Payment; ",""))) -> Name; | R110: =IF(D110="","",IF(COUNTIFS($D$2:$D$701,D110,$E$2:$E$701,E110)>1,"DUPLICATE","Unique")) -> Unique
A111: 110 | B111: 3 | C111: CUST00110 | D111: Timothy Bhatnagar | E111: 9540331739 | F111: timothy.bhatnagar721@gmail.com | G111: 46/120, Modi Nagar | H111: Ludhiana | I111: Punjab | J111: 638546 | K111: 12/08/2025 | L111: Keyboard | M111: 10448.8 | N111: Credit Card | O111: =IFERROR(LEN(C111&D111&E111&F111&G111&H111&I111&J111&K111&L111&M111&N111)/5,0) -> 28 | P111: =IF(OR(D111="",C111=""),"",IF((IFERROR(IF(AND(TRIM(D111)=D111,LEN(D111)>0),0,1),1)+IFERROR(IF(AND(LEN(E111)=10,ISNUMBER(VALUE(E111))),0,1),1)+IFERROR(IF(AND(ISNUMBER(SEARCH("@",F111)),ISNUMBER(SEARCH(".",F111))),0,1),1)+IFERROR(IF(AND(LEN(J111)=6,ISNUMBER(VALUE(J111))),0,1),1)+IFERROR(IF(ISNUMBER(MATCH(TRIM(I111),Lists!$A$2:$A$20,0)),0,1),1)+IFERROR(IF(AND(LEN(K111)=10,VALUE(LEFT(K111,FIND("/",K111)-1))>=1,VALUE(LEFT(K111,FIND("/",K111)-1))<=31,VALUE(LEFT(MID(K111,FIND("/",K111)+1,10),FIND("/",MID(K111,FIND("/",K111)+1,10))-1))>=1,VALUE(LEFT(MID(K111,FIND("/",K111)+1,10),FIND("/",MID(K111,FIND("/",K111)+1,10))-1))<=12,VALUE(LEFT(K111,FIND("/",K111)-1))<=DAY(EOMONTH(DATE(VALUE(MID(MID(K111,FIND("/",K111)+1,10),FIND("/",MID(K111,FIND("/",K111)+1,10))+1,4)),VALUE(LEFT(MID(K111,FIND("/",K111)+1,10),FIND("/",MID(K111,FIND("/",K111)+1,10))-1)),1),0))),0,1),1)+IFERROR(IF(M111>=0,0,1),1)+IFERROR(IF(ISNUMBER(MATCH(N111,Lists!$B$2:$B$7,0)),0,1),1))=0,"OK","ERROR")) -> OK | Q111: =IF(D111="","",TRIM(IF(IFERROR(IF(AND(TRIM(D111)=D111,LEN(D111)>0),0,1),1)=1,"Name; ","")&IF(IFERROR(IF(AND(LEN(E111)=10,ISNUMBER(VALUE(E111))),0,1),1)=1,"Phone; ","")&IF(IFERROR(IF(AND(ISNUMBER(SEARCH("@",F111)),ISNUMBER(SEARCH(".",F111))),0,1),1)=1,"Email; ","")&IF(IFERROR(IF(AND(LEN(J111)=6,ISNUMBER(VALUE(J111))),0,1),1)=1,"Pincode; ","")&IF(IFERROR(IF(ISNUMBER(MATCH(TRIM(I111),Lists!$A$2:$A$20,0)),0,1),1)=1,"State; ","")&IF(IFERROR(IF(AND(LEN(K111)=10,VALUE(LEFT(K111,FIND("/",K111)-1))>=1,VALUE(LEFT(K111,FIND("/",K111)-1))<=31,VALUE(LEFT(MID(K111,FIND("/",K111)+1,10),FIND("/",MID(K111,FIND("/",K111)+1,10))-1))>=1,VALUE(LEFT(MID(K111,FIND("/",K111)+1,10),FIND("/",MID(K111,FIND("/",K111)+1,10))-1))<=12,VALUE(LEFT(K111,FIND("/",K111)-1))<=DAY(EOMONTH(DATE(VALUE(MID(MID(K111,FIND("/",K111)+1,10),FIND("/",MID(K111,FIND("/",K111)+1,10))+1,4)),VALUE(LEFT(MID(K111,FIND("/",K111)+1,10),FIND("/",MID(K111,FIND("/",K111)+1,10))-1)),1),0))),0,1),1)=1,"Date; ","")&IF(IFERROR(IF(M111>=0,0,1),1)=1,"Amount; ","")&IF(IFERROR(IF(ISNUMBER(MATCH(N111,Lists!$B$2:$B$7,0)),0,1),1)=1,"Payment; ",""))) | R111: =IF(D111="","",IF(COUNTIFS($D$2:$D$701,D111,$E$2:$E$701,E111)>1,"DUPLICATE","Unique")) -> Unique
A112: 111 | B112: 3 | C112: CUST00111 | D112: Jack Chatterjee | E112: 9771753556 | F112: jack.chatterjee47@outlook.com | G112: 26/75, Saini Circle | H112: Indore | I112: Madhya Pradesh | J112: 320489 | K112: 01/04/2026 | L112: File Organizer | M112: 6796.73 | N112: UPI | O112: =IFERROR(LEN(C112&D112&E112&F112&G112&H112&I112&J112&K112&L112&M112&N112)/5,0) -> 28.4 | P112: =IF(OR(D112="",C112=""),"",IF((IFERROR(IF(AND(TRIM(D112)=D112,LEN(D112)>0),0,1),1)+IFERROR(IF(AND(LEN(E112)=10,ISNUMBER(VALUE(E112))),0,1),1)+IFERROR(IF(AND(ISNUMBER(SEARCH("@",F112)),ISNUMBER(SEARCH(".",F112))),0,1),1)+IFERROR(IF(AND(LEN(J112)=6,ISNUMBER(VALUE(J112))),0,1),1)+IFERROR(IF(ISNUMBER(MATCH(TRIM(I112),Lists!$A$2:$A$20,0)),0,1),1)+IFERROR(IF(AND(LEN(K112)=10,VALUE(LEFT(K112,FIND("/",K112)-1))>=1,VALUE(LEFT(K112,FIND("/",K112)-1))<=31,VALUE(LEFT(MID(K112,FIND("/",K112)+1,10),FIND("/",MID(K112,FIND("/",K112)+1,10))-1))>=1,VALUE(LEFT(MID(K112,FIND("/",K112)+1,10),FIND("/",MID(K112,FIND("/",K112)+1,10))-1))<=12,VALUE(LEFT(K112,FIND("/",K112)-1))<=DAY(EOMONTH(DATE(VALUE(MID(MID(K112,FIND("/",K112)+1,10),FIND("/",MID(K112,FIND("/",K112)+1,10))+1,4)),VALUE(LEFT(MID(K112,FIND("/",K112)+1,10),FIND("/",MID(K112,FIND("/",K112)+1,10))-1)),1),0))),0,1),1)+IFERROR(IF(M112>=0,0,1),1)+IFERROR(IF(ISNUMBER(MATCH(N112,Lists!$B$2:$B$7,0)),0,1),1))=0,"OK","ERROR")) -> OK | Q112: =IF(D112="","",TRIM(IF(IFERROR(IF(AND(TRIM(D112)=D112,LEN(D112)>0),0,1),1)=1,"Name; ","")&IF(IFERROR(IF(AND(LEN(E112)=10,ISNUMBER(VALUE(E112))),0,1),1)=1,"Phone; ","")&IF(IFERROR(IF(AND(ISNUMBER(SEARCH("@",F112)),ISNUMBER(SEARCH(".",F112))),0,1),1)=1,"Email; ","")&IF(IFERROR(IF(AND(LEN(J112)=6,ISNUMBER(VALUE(J112))),0,1),1)=1,"Pincode; ","")&IF(IFERROR(IF(ISNUMBER(MATCH(TRIM(I112),Lists!$A$2:$A$20,0)),0,1),1)=1,"State; ","")&IF(IFERROR(IF(AND(LEN(K112)=10,VALUE(LEFT(K112,FIND("/",K112)-1))>=1,VALUE(LEFT(K112,FIND("/",K112)-1))<=31,VALUE(LEFT(MID(K112,FIND("/",K112)+1,10),FIND("/",MID(K112,FIND("/",K112)+1,10))-1))>=1,VALUE(LEFT(MID(K112,FIND("/",K112)+1,10),FIND("/",MID(K112,FIND("/",K112)+1,10))-1))<=12,VALUE(LEFT(K112,FIND("/",K112)-1))<=DAY(EOMONTH(DATE(VALUE(MID(MID(K112,FIND("/",K112)+1,10),FIND("/",MID(K112,FIND("/",K112)+1,10))+1,4)),VALUE(LEFT(MID(K112,FIND("/",K112)+1,10),FIND("/",MID(K112,FIND("/",K112)+1,10))-1)),1),0))),0,1),1)=1,"Date; ","")&IF(IFERROR(IF(M112>=0,0,1),1)=1,"Amount; ","")&IF(IFERROR(IF(ISNUMBER(MATCH(N112,Lists!$B$2:$B$7,0)),0,1),1)=1,"Payment; ",""))) | R112: =IF(D112="","",IF(COUNTIFS($D$2:$D$701,D112,$E$2:$E$701,E112)>1,"DUPLICATE","Unique")) -> Unique
... A501: 500 | B501: 10 | C501: CUST00500 | D501: Jason Kulkarni | E501: 9942376769 | F501: jason.kulkarni766@yahoo.com | G501: 43/503, Keer Zila | H501: Indore | I501: Madhya Pradesh | J501: 591966 | K501: 14/02/2024 | L501: Webcam | M501: 5775.06 | N501: Cheque | O501: =IFERROR(LEN(C501&D501&E501&F501&G501&H501&I501&J501&K501&L501&M501&N501)/5,0) -> 26.4 | P501: =IF(OR(D501="",C501=""),"",IF((IFERROR(IF(AND(TRIM(D501)=D501,LEN(D501)>0),0,1),1)+IFERROR(IF(AND(LEN(E501)=10,ISNUMBER(VALUE(E501))),0,1),1)+IFERROR(IF(AND(ISNUMBER(SEARCH("@",F501)),ISNUMBER(SEARCH(".",F501))),0,1),1)+IFERROR(IF(AND(LEN(J501)=6,ISNUMBER(VALUE(J501))),0,1),1)+IFERROR(IF(ISNUMBER(MATCH(TRIM(I501),Lists!$A$2:$A$20,0)),0,1),1)+IFERROR(IF(AND(LEN(K501)=10,VALUE(LEFT(K501,FIND("/",K501)-1))>=1,VALUE(LEFT(K501,FIND("/",K501)-1))<=31,VALUE(LEFT(MID(K501,FIND("/",K501)+1,10),FIND("/",MID(K501,FIND("/",K501)+1,10))-1))>=1,VALUE(LEFT(MID(K501,FIND("/",K501)+1,10),FIND("/",MID(K501,FIND("/",K501)+1,10))-1))<=12,VALUE(LEFT(K501,FIND("/",K501)-1))<=DAY(EOMONTH(DATE(VALUE(MID(MID(K501,FIND("/",K501)+1,10),FIND("/",MID(K501,FIND("/",K501)+1,10))+1,4)),VALUE(LEFT(MID(K501,FIND("/",K501)+1,10),FIND("/",MID(K501,FIND("/",K501)+1,10))-1)),1),0))),0,1),1)+IFERROR(IF(M501>=0,0,1),1)+IFERROR(IF(ISNUMBER(MATCH(N501,Lists!$B$2:$B$7,0)),0,1),1))=0,"OK","ERROR")) -> OK | Q501: =IF(D501="","",TRIM(IF(IFERROR(IF(AND(TRIM(D501)=D501,LEN(D501)>0),0,1),1)=1,"Name; ","")&IF(IFERROR(IF(AND(LEN(E501)=10,ISNUMBER(VALUE(E501))),0,1),1)=1,"Phone; ","")&IF(IFERROR(IF(AND(ISNUMBER(SEARCH("@",F501)),ISNUMBER(SEARCH(".",F501))),0,1),1)=1,"Email; ","")&IF(IFERROR(IF(AND(LEN(J501)=6,ISNUMBER(VALUE(J501))),0,1),1)=1,"Pincode; ","")&IF(IFERROR(IF(ISNUMBER(MATCH(TRIM(I501),Lists!$A$2:$A$20,0)),0,1),1)=1,"State; ","")&IF(IFERROR(IF(AND(LEN(K501)=10,VALUE(LEFT(K501,FIND("/",K501)-1))>=1,VALUE(LEFT(K501,FIND("/",K501)-1))<=31,VALUE(LEFT(MID(K501,FIND("/",K501)+1,10),FIND("/",MID(K501,FIND("/",K501)+1,10))-1))>=1,VALUE(LEFT(MID(K501,FIND("/",K501)+1,10),FIND("/",MID(K501,FIND("/",K501)+1,10))-1))<=12,VALUE(LEFT(K501,FIND("/",K501)-1))<=DAY(EOMONTH(DATE(VALUE(MID(MID(K501,FIND("/",K501)+1,10),FIND("/",MID(K501,FIND("/",K501)+1,10))+1,4)),VALUE(LEFT(MID(K501,FIND("/",K501)+1,10),FIND("/",MID(K501,FIND("/",K501)+1,10))-1)),1),0))),0,1),1)=1,"Date; ","")&IF(IFERROR(IF(M501>=0,0,1),1)=1,"Amount; ","")&IF(IFERROR(IF(ISNUMBER(MATCH(N501,Lists!$B$2:$B$7,0)),0,1),1)=1,"Payment; ",""))) | R501: =IF(D501="","",IF(COUNTIFS($D$2:$D$701,D501,$E$2:$E$701,E501)>1,"DUPLICATE","Unique")) -> Unique
A502: 501 | O502: =IFERROR(LEN(C502&D502&E502&F502&G502&H502&I502&J502&K502&L502&M502&N502)/5,0) -> 0 | P502: =IF(OR(D502="",C502=""),"",IF((IFERROR(IF(AND(TRIM(D502)=D502,LEN(D502)>0),0,1),1)+IFERROR(IF(AND(LEN(E502)=10,ISNUMBER(VALUE(E502))),0,1),1)+IFERROR(IF(AND(ISNUMBER(SEARCH("@",F502)),ISNUMBER(SEARCH(".",F502))),0,1),1)+IFERROR(IF(AND(LEN(J502)=6,ISNUMBER(VALUE(J502))),0,1),1)+IFERROR(IF(ISNUMBER(MATCH(TRIM(I502),Lists!$A$2:$A$20,0)),0,1),1)+IFERROR(IF(AND(LEN(K502)=10,VALUE(LEFT(K502,FIND("/",K502)-1))>=1,VALUE(LEFT(K502,FIND("/",K502)-1))<=31,VALUE(LEFT(MID(K502,FIND("/",K502)+1,10),FIND("/",MID(K502,FIND("/",K502)+1,10))-1))>=1,VALUE(LEFT(MID(K502,FIND("/",K502)+1,10),FIND("/",MID(K502,FIND("/",K502)+1,10))-1))<=12,VALUE(LEFT(K502,FIND("/",K502)-1))<=DAY(EOMONTH(DATE(VALUE(MID(MID(K502,FIND("/",K502)+1,10),FIND("/",MID(K502,FIND("/",K502)+1,10))+1,4)),VALUE(LEFT(MID(K502,FIND("/",K502)+1,10),FIND("/",MID(K502,FIND("/",K502)+1,10))-1)),1),0))),0,1),1)+IFERROR(IF(M502>=0,0,1),1)+IFERROR(IF(ISNUMBER(MATCH(N502,Lists!$B$2:$B$7,0)),0,1),1))=0,"OK","ERROR")) | Q502: =IF(D502="","",TRIM(IF(IFERROR(IF(AND(TRIM(D502)=D502,LEN(D502)>0),0,1),1)=1,"Name; ","")&IF(IFERROR(IF(AND(LEN(E502)=10,ISNUMBER(VALUE(E502))),0,1),1)=1,"Phone; ","")&IF(IFERROR(IF(AND(ISNUMBER(SEARCH("@",F502)),ISNUMBER(SEARCH(".",F502))),0,1),1)=1,"Email; ","")&IF(IFERROR(IF(AND(LEN(J502)=6,ISNUMBER(VALUE(J502))),0,1),1)=1,"Pincode; ","")&IF(IFERROR(IF(ISNUMBER(MATCH(TRIM(I502),Lists!$A$2:$A$20,0)),0,1),1)=1,"State; ","")&IF(IFERROR(IF(AND(LEN(K502)=10,VALUE(LEFT(K502,FIND("/",K502)-1))>=1,VALUE(LEFT(K502,FIND("/",K502)-1))<=31,VALUE(LEFT(MID(K502,FIND("/",K502)+1,10),FIND("/",MID(K502,FIND("/",K502)+1,10))-1))>=1,VALUE(LEFT(MID(K502,FIND("/",K502)+1,10),FIND("/",MID(K502,FIND("/",K502)+1,10))-1))<=12,VALUE(LEFT(K502,FIND("/",K502)-1))<=DAY(EOMONTH(DATE(VALUE(MID(MID(K502,FIND("/",K502)+1,10),FIND("/",MID(K502,FIND("/",K502)+1,10))+1,4)),VALUE(LEFT(MID(K502,FIND("/",K502)+1,10),FIND("/",MID(K502,FIND("/",K502)+1,10))-1)),1),0))),0,1),1)=1,"Date; ","")&IF(IFERROR(IF(M502>=0,0,1),1)=1,"Amount; ","")&IF(IFERROR(IF(ISNUMBER(MATCH(N502,Lists!$B$2:$B$7,0)),0,1),1)=1,"Payment; ",""))) | R502: =IF(D502="","",IF(COUNTIFS($D$2:$D$701,D502,$E$2:$E$701,E502)>1,"DUPLICATE","Unique"))
A503: 502 | O503: =IFERROR(LEN(C503&D503&E503&F503&G503&H503&I503&J503&K503&L503&M503&N503)/5,0) -> 0 | P503: =IF(OR(D503="",C503=""),"",IF((IFERROR(IF(AND(TRIM(D503)=D503,LEN(D503)>0),0,1),1)+IFERROR(IF(AND(LEN(E503)=10,ISNUMBER(VALUE(E503))),0,1),1)+IFERROR(IF(AND(ISNUMBER(SEARCH("@",F503)),ISNUMBER(SEARCH(".",F503))),0,1),1)+IFERROR(IF(AND(LEN(J503)=6,ISNUMBER(VALUE(J503))),0,1),1)+IFERROR(IF(ISNUMBER(MATCH(TRIM(I503),Lists!$A$2:$A$20,0)),0,1),1)+IFERROR(IF(AND(LEN(K503)=10,VALUE(LEFT(K503,FIND("/",K503)-1))>=1,VALUE(LEFT(K503,FIND("/",K503)-1))<=31,VALUE(LEFT(MID(K503,FIND("/",K503)+1,10),FIND("/",MID(K503,FIND("/",K503)+1,10))-1))>=1,VALUE(LEFT(MID(K503,FIND("/",K503)+1,10),FIND("/",MID(K503,FIND("/",K503)+1,10))-1))<=12,VALUE(LEFT(K503,FIND("/",K503)-1))<=DAY(EOMONTH(DATE(VALUE(MID(MID(K503,FIND("/",K503)+1,10),FIND("/",MID(K503,FIND("/",K503)+1,10))+1,4)),VALUE(LEFT(MID(K503,FIND("/",K503)+1,10),FIND("/",MID(K503,FIND("/",K503)+1,10))-1)),1),0))),0,1),1)+IFERROR(IF(M503>=0,0,1),1)+IFERROR(IF(ISNUMBER(MATCH(N503,Lists!$B$2:$B$7,0)),0,1),1))=0,"OK","ERROR")) | Q503: =IF(D503="","",TRIM(IF(IFERROR(IF(AND(TRIM(D503)=D503,LEN(D503)>0),0,1),1)=1,"Name; ","")&IF(IFERROR(IF(AND(LEN(E503)=10,ISNUMBER(VALUE(E503))),0,1),1)=1,"Phone; ","")&IF(IFERROR(IF(AND(ISNUMBER(SEARCH("@",F503)),ISNUMBER(SEARCH(".",F503))),0,1),1)=1,"Email; ","")&IF(IFERROR(IF(AND(LEN(J503)=6,ISNUMBER(VALUE(J503))),0,1),1)=1,"Pincode; ","")&IF(IFERROR(IF(ISNUMBER(MATCH(TRIM(I503),Lists!$A$2:$A$20,0)),0,1),1)=1,"State; ","")&IF(IFERROR(IF(AND(LEN(K503)=10,VALUE(LEFT(K503,FIND("/",K503)-1))>=1,VALUE(LEFT(K503,FIND("/",K503)-1))<=31,VALUE(LEFT(MID(K503,FIND("/",K503)+1,10),FIND("/",MID(K503,FIND("/",K503)+1,10))-1))>=1,VALUE(LEFT(MID(K503,FIND("/",K503)+1,10),FIND("/",MID(K503,FIND("/",K503)+1,10))-1))<=12,VALUE(LEFT(K503,FIND("/",K503)-1))<=DAY(EOMONTH(DATE(VALUE(MID(MID(K503,FIND("/",K503)+1,10),FIND("/",MID(K503,FIND("/",K503)+1,10))+1,4)),VALUE(LEFT(MID(K503,FIND("/",K503)+1,10),FIND("/",MID(K503,FIND("/",K503)+1,10))-1)),1),0))),0,1),1)=1,"Date; ","")&IF(IFERROR(IF(M503>=0,0,1),1)=1,"Amount; ","")&IF(IFERROR(IF(ISNUMBER(MATCH(N503,Lists!$B$2:$B$7,0)),0,1),1)=1,"Payment; ",""))) | R503: =IF(D503="","",IF(COUNTIFS($D$2:$D$701,D503,$E$2:$E$701,E503)>1,"DUPLICATE","Unique"))
A504: 503 | O504: =IFERROR(LEN(C504&D504&E504&F504&G504&H504&I504&J504&K504&L504&M504&N504)/5,0) -> 0 | P504: =IF(OR(D504="",C504=""),"",IF((IFERROR(IF(AND(TRIM(D504)=D504,LEN(D504)>0),0,1),1)+IFERROR(IF(AND(LEN(E504)=10,ISNUMBER(VALUE(E504))),0,1),1)+IFERROR(IF(AND(ISNUMBER(SEARCH("@",F504)),ISNUMBER(SEARCH(".",F504))),0,1),1)+IFERROR(IF(AND(LEN(J504)=6,ISNUMBER(VALUE(J504))),0,1),1)+IFERROR(IF(ISNUMBER(MATCH(TRIM(I504),Lists!$A$2:$A$20,0)),0,1),1)+IFERROR(IF(AND(LEN(K504)=10,VALUE(LEFT(K504,FIND("/",K504)-1))>=1,VALUE(LEFT(K504,FIND("/",K504)-1))<=31,VALUE(LEFT(MID(K504,FIND("/",K504)+1,10),FIND("/",MID(K504,FIND("/",K504)+1,10))-1))>=1,VALUE(LEFT(MID(K504,FIND("/",K504)+1,10),FIND("/",MID(K504,FIND("/",K504)+1,10))-1))<=12,VALUE(LEFT(K504,FIND("/",K504)-1))<=DAY(EOMONTH(DATE(VALUE(MID(MID(K504,FIND("/",K504)+1,10),FIND("/",MID(K504,FIND("/",K504)+1,10))+1,4)),VALUE(LEFT(MID(K504,FIND("/",K504)+1,10),FIND("/",MID(K504,FIND("/",K504)+1,10))-1)),1),0))),0,1),1)+IFERROR(IF(M504>=0,0,1),1)+IFERROR(IF(ISNUMBER(MATCH(N504,Lists!$B$2:$B$7,0)),0,1),1))=0,"OK","ERROR")) | Q504: =IF(D504="","",TRIM(IF(IFERROR(IF(AND(TRIM(D504)=D504,LEN(D504)>0),0,1),1)=1,"Name; ","")&IF(IFERROR(IF(AND(LEN(E504)=10,ISNUMBER(VALUE(E504))),0,1),1)=1,"Phone; ","")&IF(IFERROR(IF(AND(ISNUMBER(SEARCH("@",F504)),ISNUMBER(SEARCH(".",F504))),0,1),1)=1,"Email; ","")&IF(IFERROR(IF(AND(LEN(J504)=6,ISNUMBER(VALUE(J504))),0,1),1)=1,"Pincode; ","")&IF(IFERROR(IF(ISNUMBER(MATCH(TRIM(I504),Lists!$A$2:$A$20,0)),0,1),1)=1,"State; ","")&IF(IFERROR(IF(AND(LEN(K504)=10,VALUE(LEFT(K504,FIND("/",K504)-1))>=1,VALUE(LEFT(K504,FIND("/",K504)-1))<=31,VALUE(LEFT(MID(K504,FIND("/",K504)+1,10),FIND("/",MID(K504,FIND("/",K504)+1,10))-1))>=1,VALUE(LEFT(MID(K504,FIND("/",K504)+1,10),FIND("/",MID(K504,FIND("/",K504)+1,10))-1))<=12,VALUE(LEFT(K504,FIND("/",K504)-1))<=DAY(EOMONTH(DATE(VALUE(MID(MID(K504,FIND("/",K504)+1,10),FIND("/",MID(K504,FIND("/",K504)+1,10))+1,4)),VALUE(LEFT(MID(K504,FIND("/",K504)+1,10),FIND("/",MID(K504,FIND("/",K504)+1,10))-1)),1),0))),0,1),1)=1,"Date; ","")&IF(IFERROR(IF(M504>=0,0,1),1)=1,"Amount; ","")&IF(IFERROR(IF(ISNUMBER(MATCH(N504,Lists!$B$2:$B$7,0)),0,1),1)=1,"Payment; ",""))) | R504: =IF(D504="","",IF(COUNTIFS($D$2:$D$701,D504,$E$2:$E$701,E504)>1,"DUPLICATE","Unique"))
A505: 504 | O505: =IFERROR(LEN(C505&D505&E505&F505&G505&H505&I505&J505&K505&L505&M505&N505)/5,0) -> 0 | P505: =IF(OR(D505="",C505=""),"",IF((IFERROR(IF(AND(TRIM(D505)=D505,LEN(D505)>0),0,1),1)+IFERROR(IF(AND(LEN(E505)=10,ISNUMBER(VALUE(E505))),0,1),1)+IFERROR(IF(AND(ISNUMBER(SEARCH("@",F505)),ISNUMBER(SEARCH(".",F505))),0,1),1)+IFERROR(IF(AND(LEN(J505)=6,ISNUMBER(VALUE(J505))),0,1),1)+IFERROR(IF(ISNUMBER(MATCH(TRIM(I505),Lists!$A$2:$A$20,0)),0,1),1)+IFERROR(IF(AND(LEN(K505)=10,VALUE(LEFT(K505,FIND("/",K505)-1))>=1,VALUE(LEFT(K505,FIND("/",K505)-1))<=31,VALUE(LEFT(MID(K505,FIND("/",K505)+1,10),FIND("/",MID(K505,FIND("/",K505)+1,10))-1))>=1,VALUE(LEFT(MID(K505,FIND("/",K505)+1,10),FIND("/",MID(K505,FIND("/",K505)+1,10))-1))<=12,VALUE(LEFT(K505,FIND("/",K505)-1))<=DAY(EOMONTH(DATE(VALUE(MID(MID(K505,FIND("/",K505)+1,10),FIND("/",MID(K505,FIND("/",K505)+1,10))+1,4)),VALUE(LEFT(MID(K505,FIND("/",K505)+1,10),FIND("/",MID(K505,FIND("/",K505)+1,10))-1)),1),0))),0,1),1)+IFERROR(IF(M505>=0,0,1),1)+IFERROR(IF(ISNUMBER(MATCH(N505,Lists!$B$2:$B$7,0)),0,1),1))=0,"OK","ERROR")) | Q505: =IF(D505="","",TRIM(IF(IFERROR(IF(AND(TRIM(D505)=D505,LEN(D505)>0),0,1),1)=1,"Name; ","")&IF(IFERROR(IF(AND(LEN(E505)=10,ISNUMBER(VALUE(E505))),0,1),1)=1,"Phone; ","")&IF(IFERROR(IF(AND(ISNUMBER(SEARCH("@",F505)),ISNUMBER(SEARCH(".",F505))),0,1),1)=1,"Email; ","")&IF(IFERROR(IF(AND(LEN(J505)=6,ISNUMBER(VALUE(J505))),0,1),1)=1,"Pincode; ","")&IF(IFERROR(IF(ISNUMBER(MATCH(TRIM(I505),Lists!$A$2:$A$20,0)),0,1),1)=1,"State; ","")&IF(IFERROR(IF(AND(LEN(K505)=10,VALUE(LEFT(K505,FIND("/",K505)-1))>=1,VALUE(LEFT(K505,FIND("/",K505)-1))<=31,VALUE(LEFT(MID(K505,FIND("/",K505)+1,10),FIND("/",MID(K505,FIND("/",K505)+1,10))-1))>=1,VALUE(LEFT(MID(K505,FIND("/",K505)+1,10),FIND("/",MID(K505,FIND("/",K505)+1,10))-1))<=12,VALUE(LEFT(K505,FIND("/",K505)-1))<=DAY(EOMONTH(DATE(VALUE(MID(MID(K505,FIND("/",K505)+1,10),FIND("/",MID(K505,FIND("/",K505)+1,10))+1,4)),VALUE(LEFT(MID(K505,FIND("/",K505)+1,10),FIND("/",MID(K505,FIND("/",K505)+1,10))-1)),1),0))),0,1),1)=1,"Date; ","")&IF(IFERROR(IF(M505>=0,0,1),1)=1,"Amount; ","")&IF(IFERROR(IF(ISNUMBER(MATCH(N505,Lists!$B$2:$B$7,0)),0,1),1)=1,"Payment; ",""))) | R505: =IF(D505="","",IF(COUNTIFS($D$2:$D$701,D505,$E$2:$E$701,E505)>1,"DUPLICATE","Unique"))
A506: 505 | O506: =IFERROR(LEN(C506&D506&E506&F506&G506&H506&I506&J506&K506&L506&M506&N506)/5,0) -> 0 | P506: =IF(OR(D506="",C506=""),"",IF((IFERROR(IF(AND(TRIM(D506)=D506,LEN(D506)>0),0,1),1)+IFERROR(IF(AND(LEN(E506)=10,ISNUMBER(VALUE(E506))),0,1),1)+IFERROR(IF(AND(ISNUMBER(SEARCH("@",F506)),ISNUMBER(SEARCH(".",F506))),0,1),1)+IFERROR(IF(AND(LEN(J506)=6,ISNUMBER(VALUE(J506))),0,1),1)+IFERROR(IF(ISNUMBER(MATCH(TRIM(I506),Lists!$A$2:$A$20,0)),0,1),1)+IFERROR(IF(AND(LEN(K506)=10,VALUE(LEFT(K506,FIND("/",K506)-1))>=1,VALUE(LEFT(K506,FIND("/",K506)-1))<=31,VALUE(LEFT(MID(K506,FIND("/",K506)+1,10),FIND("/",MID(K506,FIND("/",K506)+1,10))-1))>=1,VALUE(LEFT(MID(K506,FIND("/",K506)+1,10),FIND("/",MID(K506,FIND("/",K506)+1,10))-1))<=12,VALUE(LEFT(K506,FIND("/",K506)-1))<=DAY(EOMONTH(DATE(VALUE(MID(MID(K506,FIND("/",K506)+1,10),FIND("/",MID(K506,FIND("/",K506)+1,10))+1,4)),VALUE(LEFT(MID(K506,FIND("/",K506)+1,10),FIND("/",MID(K506,FIND("/",K506)+1,10))-1)),1),0))),0,1),1)+IFERROR(IF(M506>=0,0,1),1)+IFERROR(IF(ISNUMBER(MATCH(N506,Lists!$B$2:$B$7,0)),0,1),1))=0,"OK","ERROR")) | Q506: =IF(D506="","",TRIM(IF(IFERROR(IF(AND(TRIM(D506)=D506,LEN(D506)>0),0,1),1)=1,"Name; ","")&IF(IFERROR(IF(AND(LEN(E506)=10,ISNUMBER(VALUE(E506))),0,1),1)=1,"Phone; ","")&IF(IFERROR(IF(AND(ISNUMBER(SEARCH("@",F506)),ISNUMBER(SEARCH(".",F506))),0,1),1)=1,"Email; ","")&IF(IFERROR(IF(AND(LEN(J506)=6,ISNUMBER(VALUE(J506))),0,1),1)=1,"Pincode; ","")&IF(IFERROR(IF(ISNUMBER(MATCH(TRIM(I506),Lists!$A$2:$A$20,0)),0,1),1)=1,"State; ","")&IF(IFERROR(IF(AND(LEN(K506)=10,VALUE(LEFT(K506,FIND("/",K506)-1))>=1,VALUE(LEFT(K506,FIND("/",K506)-1))<=31,VALUE(LEFT(MID(K506,FIND("/",K506)+1,10),FIND("/",MID(K506,FIND("/",K506)+1,10))-1))>=1,VALUE(LEFT(MID(K506,FIND("/",K506)+1,10),FIND("/",MID(K506,FIND("/",K506)+1,10))-1))<=12,VALUE(LEFT(K506,FIND("/",K506)-1))<=DAY(EOMONTH(DATE(VALUE(MID(MID(K506,FIND("/",K506)+1,10),FIND("/",MID(K506,FIND("/",K506)+1,10))+1,4)),VALUE(LEFT(MID(K506,FIND("/",K506)+1,10),FIND("/",MID(K506,FIND("/",K506)+1,10))-1)),1),0))),0,1),1)=1,"Date; ","")&IF(IFERROR(IF(M506>=0,0,1),1)=1,"Amount; ","")&IF(IFERROR(IF(ISNUMBER(MATCH(N506,Lists!$B$2:$B$7,0)),0,1),1)=1,"Payment; ",""))) | R506: =IF(D506="","",IF(COUNTIFS($D$2:$D$701,D506,$E$2:$E$701,E506)>1,"DUPLICATE","Unique"))
A507: 506 | O507: =IFERROR(LEN(C507&D507&E507&F507&G507&H507&I507&J507&K507&L507&M507&N507)/5,0) -> 0 | P507: =IF(OR(D507="",C507=""),"",IF((IFERROR(IF(AND(TRIM(D507)=D507,LEN(D507)>0),0,1),1)+IFERROR(IF(AND(LEN(E507)=10,ISNUMBER(VALUE(E507))),0,1),1)+IFERROR(IF(AND(ISNUMBER(SEARCH("@",F507)),ISNUMBER(SEARCH(".",F507))),0,1),1)+IFERROR(IF(AND(LEN(J507)=6,ISNUMBER(VALUE(J507))),0,1),1)+IFERROR(IF(ISNUMBER(MATCH(TRIM(I507),Lists!$A$2:$A$20,0)),0,1),1)+IFERROR(IF(AND(LEN(K507)=10,VALUE(LEFT(K507,FIND("/",K507)-1))>=1,VALUE(LEFT(K507,FIND("/",K507)-1))<=31,VALUE(LEFT(MID(K507,FIND("/",K507)+1,10),FIND("/",MID(K507,FIND("/",K507)+1,10))-1))>=1,VALUE(LEFT(MID(K507,FIND("/",K507)+1,10),FIND("/",MID(K507,FIND("/",K507)+1,10))-1))<=12,VALUE(LEFT(K507,FIND("/",K507)-1))<=DAY(EOMONTH(DATE(VALUE(MID(MID(K507,FIND("/",K507)+1,10),FIND("/",MID(K507,FIND("/",K507)+1,10))+1,4)),VALUE(LEFT(MID(K507,FIND("/",K507)+1,10),FIND("/",MID(K507,FIND("/",K507)+1,10))-1)),1),0))),0,1),1)+IFERROR(IF(M507>=0,0,1),1)+IFERROR(IF(ISNUMBER(MATCH(N507,Lists!$B$2:$B$7,0)),0,1),1))=0,"OK","ERROR")) | Q507: =IF(D507="","",TRIM(IF(IFERROR(IF(AND(TRIM(D507)=D507,LEN(D507)>0),0,1),1)=1,"Name; ","")&IF(IFERROR(IF(AND(LEN(E507)=10,ISNUMBER(VALUE(E507))),0,1),1)=1,"Phone; ","")&IF(IFERROR(IF(AND(ISNUMBER(SEARCH("@",F507)),ISNUMBER(SEARCH(".",F507))),0,1),1)=1,"Email; ","")&IF(IFERROR(IF(AND(LEN(J507)=6,ISNUMBER(VALUE(J507))),0,1),1)=1,"Pincode; ","")&IF(IFERROR(IF(ISNUMBER(MATCH(TRIM(I507),Lists!$A$2:$A$20,0)),0,1),1)=1,"State; ","")&IF(IFERROR(IF(AND(LEN(K507)=10,VALUE(LEFT(K507,FIND("/",K507)-1))>=1,VALUE(LEFT(K507,FIND("/",K507)-1))<=31,VALUE(LEFT(MID(K507,FIND("/",K507)+1,10),FIND("/",MID(K507,FIND("/",K507)+1,10))-1))>=1,VALUE(LEFT(MID(K507,FIND("/",K507)+1,10),FIND("/",MID(K507,FIND("/",K507)+1,10))-1))<=12,VALUE(LEFT(K507,FIND("/",K507)-1))<=DAY(EOMONTH(DATE(VALUE(MID(MID(K507,FIND("/",K507)+1,10),FIND("/",MID(K507,FIND("/",K507)+1,10))+1,4)),VALUE(LEFT(MID(K507,FIND("/",K507)+1,10),FIND("/",MID(K507,FIND("/",K507)+1,10))-1)),1),0))),0,1),1)=1,"Date; ","")&IF(IFERROR(IF(M507>=0,0,1),1)=1,"Amount; ","")&IF(IFERROR(IF(ISNUMBER(MATCH(N507,Lists!$B$2:$B$7,0)),0,1),1)=1,"Payment; ",""))) | R507: =IF(D507="","",IF(COUNTIFS($D$2:$D$701,D507,$E$2:$E$701,E507)>1,"DUPLICATE","Unique"))
A508: 507 | O508: =IFERROR(LEN(C508&D508&E508&F508&G508&H508&I508&J508&K508&L508&M508&N508)/5,0) -> 0 | P508: =IF(OR(D508="",C508=""),"",IF((IFERROR(IF(AND(TRIM(D508)=D508,LEN(D508)>0),0,1),1)+IFERROR(IF(AND(LEN(E508)=10,ISNUMBER(VALUE(E508))),0,1),1)+IFERROR(IF(AND(ISNUMBER(SEARCH("@",F508)),ISNUMBER(SEARCH(".",F508))),0,1),1)+IFERROR(IF(AND(LEN(J508)=6,ISNUMBER(VALUE(J508))),0,1),1)+IFERROR(IF(ISNUMBER(MATCH(TRIM(I508),Lists!$A$2:$A$20,0)),0,1),1)+IFERROR(IF(AND(LEN(K508)=10,VALUE(LEFT(K508,FIND("/",K508)-1))>=1,VALUE(LEFT(K508,FIND("/",K508)-1))<=31,VALUE(LEFT(MID(K508,FIND("/",K508)+1,10),FIND("/",MID(K508,FIND("/",K508)+1,10))-1))>=1,VALUE(LEFT(MID(K508,FIND("/",K508)+1,10),FIND("/",MID(K508,FIND("/",K508)+1,10))-1))<=12,VALUE(LEFT(K508,FIND("/",K508)-1))<=DAY(EOMONTH(DATE(VALUE(MID(MID(K508,FIND("/",K508)+1,10),FIND("/",MID(K508,FIND("/",K508)+1,10))+1,4)),VALUE(LEFT(MID(K508,FIND("/",K508)+1,10),FIND("/",MID(K508,FIND("/",K508)+1,10))-1)),1),0))),0,1),1)+IFERROR(IF(M508>=0,0,1),1)+IFERROR(IF(ISNUMBER(MATCH(N508,Lists!$B$2:$B$7,0)),0,1),1))=0,"OK","ERROR")) | Q508: =IF(D508="","",TRIM(IF(IFERROR(IF(AND(TRIM(D508)=D508,LEN(D508)>0),0,1),1)=1,"Name; ","")&IF(IFERROR(IF(AND(LEN(E508)=10,ISNUMBER(VALUE(E508))),0,1),1)=1,"Phone; ","")&IF(IFERROR(IF(AND(ISNUMBER(SEARCH("@",F508)),ISNUMBER(SEARCH(".",F508))),0,1),1)=1,"Email; ","")&IF(IFERROR(IF(AND(LEN(J508)=6,ISNUMBER(VALUE(J508))),0,1),1)=1,"Pincode; ","")&IF(IFERROR(IF(ISNUMBER(MATCH(TRIM(I508),Lists!$A$2:$A$20,0)),0,1),1)=1,"State; ","")&IF(IFERROR(IF(AND(LEN(K508)=10,VALUE(LEFT(K508,FIND("/",K508)-1))>=1,VALUE(LEFT(K508,FIND("/",K508)-1))<=31,VALUE(LEFT(MID(K508,FIND("/",K508)+1,10),FIND("/",MID(K508,FIND("/",K508)+1,10))-1))>=1,VALUE(LEFT(MID(K508,FIND("/",K508)+1,10),FIND("/",MID(K508,FIND("/",K508)+1,10))-1))<=12,VALUE(LEFT(K508,FIND("/",K508)-1))<=DAY(EOMONTH(DATE(VALUE(MID(MID(K508,FIND("/",K508)+1,10),FIND("/",MID(K508,FIND("/",K508)+1,10))+1,4)),VALUE(LEFT(MID(K508,FIND("/",K508)+1,10),FIND("/",MID(K508,FIND("/",K508)+1,10))-1)),1),0))),0,1),1)=1,"Date; ","")&IF(IFERROR(IF(M508>=0,0,1),1)=1,"Amount; ","")&IF(IFERROR(IF(ISNUMBER(MATCH(N508,Lists!$B$2:$B$7,0)),0,1),1)=1,"Payment; ",""))) | R508: =IF(D508="","",IF(COUNTIFS($D$2:$D$701,D508,$E$2:$E$701,E508)>1,"DUPLICATE","Unique"))
A509: 508 | O509: =IFERROR(LEN(C509&D509&E509&F509&G509&H509&I509&J509&K509&L509&M509&N509)/5,0) -> 0 | P509: =IF(OR(D509="",C509=""),"",IF((IFERROR(IF(AND(TRIM(D509)=D509,LEN(D509)>0),0,1),1)+IFERROR(IF(AND(LEN(E509)=10,ISNUMBER(VALUE(E509))),0,1),1)+IFERROR(IF(AND(ISNUMBER(SEARCH("@",F509)),ISNUMBER(SEARCH(".",F509))),0,1),1)+IFERROR(IF(AND(LEN(J509)=6,ISNUMBER(VALUE(J509))),0,1),1)+IFERROR(IF(ISNUMBER(MATCH(TRIM(I509),Lists!$A$2:$A$20,0)),0,1),1)+IFERROR(IF(AND(LEN(K509)=10,VALUE(LEFT(K509,FIND("/",K509)-1))>=1,VALUE(LEFT(K509,FIND("/",K509)-1))<=31,VALUE(LEFT(MID(K509,FIND("/",K509)+1,10),FIND("/",MID(K509,FIND("/",K509)+1,10))-1))>=1,VALUE(LEFT(MID(K509,FIND("/",K509)+1,10),FIND("/",MID(K509,FIND("/",K509)+1,10))-1))<=12,VALUE(LEFT(K509,FIND("/",K509)-1))<=DAY(EOMONTH(DATE(VALUE(MID(MID(K509,FIND("/",K509)+1,10),FIND("/",MID(K509,FIND("/",K509)+1,10))+1,4)),VALUE(LEFT(MID(K509,FIND("/",K509)+1,10),FIND("/",MID(K509,FIND("/",K509)+1,10))-1)),1),0))),0,1),1)+IFERROR(IF(M509>=0,0,1),1)+IFERROR(IF(ISNUMBER(MATCH(N509,Lists!$B$2:$B$7,0)),0,1),1))=0,"OK","ERROR")) | Q509: =IF(D509="","",TRIM(IF(IFERROR(IF(AND(TRIM(D509)=D509,LEN(D509)>0),0,1),1)=1,"Name; ","")&IF(IFERROR(IF(AND(LEN(E509)=10,ISNUMBER(VALUE(E509))),0,1),1)=1,"Phone; ","")&IF(IFERROR(IF(AND(ISNUMBER(SEARCH("@",F509)),ISNUMBER(SEARCH(".",F509))),0,1),1)=1,"Email; ","")&IF(IFERROR(IF(AND(LEN(J509)=6,ISNUMBER(VALUE(J509))),0,1),1)=1,"Pincode; ","")&IF(IFERROR(IF(ISNUMBER(MATCH(TRIM(I509),Lists!$A$2:$A$20,0)),0,1),1)=1,"State; ","")&IF(IFERROR(IF(AND(LEN(K509)=10,VALUE(LEFT(K509,FIND("/",K509)-1))>=1,VALUE(LEFT(K509,FIND("/",K509)-1))<=31,VALUE(LEFT(MID(K509,FIND("/",K509)+1,10),FIND("/",MID(K509,FIND("/",K509)+1,10))-1))>=1,VALUE(LEFT(MID(K509,FIND("/",K509)+1,10),FIND("/",MID(K509,FIND("/",K509)+1,10))-1))<=12,VALUE(LEFT(K509,FIND("/",K509)-1))<=DAY(EOMONTH(DATE(VALUE(MID(MID(K509,FIND("/",K509)+1,10),FIND("/",MID(K509,FIND("/",K509)+1,10))+1,4)),VALUE(LEFT(MID(K509,FIND("/",K509)+1,10),FIND("/",MID(K509,FIND("/",K509)+1,10))-1)),1),0))),0,1),1)=1,"Date; ","")&IF(IFERROR(IF(M509>=0,0,1),1)=1,"Amount; ","")&IF(IFERROR(IF(ISNUMBER(MATCH(N509,Lists!$B$2:$B$7,0)),0,1),1)=1,"Payment; ",""))) | R509: =IF(D509="","",IF(COUNTIFS($D$2:$D$701,D509,$E$2:$E$701,E509)>1,"DUPLICATE","Unique"))
A510: 509 | O510: =IFERROR(LEN(C510&D510&E510&F510&G510&H510&I510&J510&K510&L510&M510&N510)/5,0) -> 0 | P510: =IF(OR(D510="",C510=""),"",IF((IFERROR(IF(AND(TRIM(D510)=D510,LEN(D510)>0),0,1),1)+IFERROR(IF(AND(LEN(E510)=10,ISNUMBER(VALUE(E510))),0,1),1)+IFERROR(IF(AND(ISNUMBER(SEARCH("@",F510)),ISNUMBER(SEARCH(".",F510))),0,1),1)+IFERROR(IF(AND(LEN(J510)=6,ISNUMBER(VALUE(J510))),0,1),1)+IFERROR(IF(ISNUMBER(MATCH(TRIM(I510),Lists!$A$2:$A$20,0)),0,1),1)+IFERROR(IF(AND(LEN(K510)=10,VALUE(LEFT(K510,FIND("/",K510)-1))>=1,VALUE(LEFT(K510,FIND("/",K510)-1))<=31,VALUE(LEFT(MID(K510,FIND("/",K510)+1,10),FIND("/",MID(K510,FIND("/",K510)+1,10))-1))>=1,VALUE(LEFT(MID(K510,FIND("/",K510)+1,10),FIND("/",MID(K510,FIND("/",K510)+1,10))-1))<=12,VALUE(LEFT(K510,FIND("/",K510)-1))<=DAY(EOMONTH(DATE(VALUE(MID(MID(K510,FIND("/",K510)+1,10),FIND("/",MID(K510,FIND("/",K510)+1,10))+1,4)),VALUE(LEFT(MID(K510,FIND("/",K510)+1,10),FIND("/",MID(K510,FIND("/",K510)+1,10))-1)),1),0))),0,1),1)+IFERROR(IF(M510>=0,0,1),1)+IFERROR(IF(ISNUMBER(MATCH(N510,Lists!$B$2:$B$7,0)),0,1),1))=0,"OK","ERROR")) | Q510: =IF(D510="","",TRIM(IF(IFERROR(IF(AND(TRIM(D510)=D510,LEN(D510)>0),0,1),1)=1,"Name; ","")&IF(IFERROR(IF(AND(LEN(E510)=10,ISNUMBER(VALUE(E510))),0,1),1)=1,"Phone; ","")&IF(IFERROR(IF(AND(ISNUMBER(SEARCH("@",F510)),ISNUMBER(SEARCH(".",F510))),0,1),1)=1,"Email; ","")&IF(IFERROR(IF(AND(LEN(J510)=6,ISNUMBER(VALUE(J510))),0,1),1)=1,"Pincode; ","")&IF(IFERROR(IF(ISNUMBER(MATCH(TRIM(I510),Lists!$A$2:$A$20,0)),0,1),1)=1,"State; ","")&IF(IFERROR(IF(AND(LEN(K510)=10,VALUE(LEFT(K510,FIND("/",K510)-1))>=1,VALUE(LEFT(K510,FIND("/",K510)-1))<=31,VALUE(LEFT(MID(K510,FIND("/",K510)+1,10),FIND("/",MID(K510,FIND("/",K510)+1,10))-1))>=1,VALUE(LEFT(MID(K510,FIND("/",K510)+1,10),FIND("/",MID(K510,FIND("/",K510)+1,10))-1))<=12,VALUE(LEFT(K510,FIND("/",K510)-1))<=DAY(EOMONTH(DATE(VALUE(MID(MID(K510,FIND("/",K510)+1,10),FIND("/",MID(K510,FIND("/",K510)+1,10))+1,4)),VALUE(LEFT(MID(K510,FIND("/",K510)+1,10),FIND("/",MID(K510,FIND("/",K510)+1,10))-1)),1),0))),0,1),1)=1,"Date; ","")&IF(IFERROR(IF(M510>=0,0,1),1)=1,"Amount; ","")&IF(IFERROR(IF(ISNUMBER(MATCH(N510,Lists!$B$2:$B$7,0)),0,1),1)=1,"Payment; ",""))) | R510: =IF(D510="","",IF(COUNTIFS($D$2:$D$701,D510,$E$2:$E$701,E510)>1,"DUPLICATE","Unique"))
A511: 510 | O511: =IFERROR(LEN(C511&D511&E511&F511&G511&H511&I511&J511&K511&L511&M511&N511)/5,0) -> 0 | P511: =IF(OR(D511="",C511=""),"",IF((IFERROR(IF(AND(TRIM(D511)=D511,LEN(D511)>0),0,1),1)+IFERROR(IF(AND(LEN(E511)=10,ISNUMBER(VALUE(E511))),0,1),1)+IFERROR(IF(AND(ISNUMBER(SEARCH("@",F511)),ISNUMBER(SEARCH(".",F511))),0,1),1)+IFERROR(IF(AND(LEN(J511)=6,ISNUMBER(VALUE(J511))),0,1),1)+IFERROR(IF(ISNUMBER(MATCH(TRIM(I511),Lists!$A$2:$A$20,0)),0,1),1)+IFERROR(IF(AND(LEN(K511)=10,VALUE(LEFT(K511,FIND("/",K511)-1))>=1,VALUE(LEFT(K511,FIND("/",K511)-1))<=31,VALUE(LEFT(MID(K511,FIND("/",K511)+1,10),FIND("/",MID(K511,FIND("/",K511)+1,10))-1))>=1,VALUE(LEFT(MID(K511,FIND("/",K511)+1,10),FIND("/",MID(K511,FIND("/",K511)+1,10))-1))<=12,VALUE(LEFT(K511,FIND("/",K511)-1))<=DAY(EOMONTH(DATE(VALUE(MID(MID(K511,FIND("/",K511)+1,10),FIND("/",MID(K511,FIND("/",K511)+1,10))+1,4)),VALUE(LEFT(MID(K511,FIND("/",K511)+1,10),FIND("/",MID(K511,FIND("/",K511)+1,10))-1)),1),0))),0,1),1)+IFERROR(IF(M511>=0,0,1),1)+IFERROR(IF(ISNUMBER(MATCH(N511,Lists!$B$2:$B$7,0)),0,1),1))=0,"OK","ERROR")) | Q511: =IF(D511="","",TRIM(IF(IFERROR(IF(AND(TRIM(D511)=D511,LEN(D511)>0),0,1),1)=1,"Name; ","")&IF(IFERROR(IF(AND(LEN(E511)=10,ISNUMBER(VALUE(E511))),0,1),1)=1,"Phone; ","")&IF(IFERROR(IF(AND(ISNUMBER(SEARCH("@",F511)),ISNUMBER(SEARCH(".",F511))),0,1),1)=1,"Email; ","")&IF(IFERROR(IF(AND(LEN(J511)=6,ISNUMBER(VALUE(J511))),0,1),1)=1,"Pincode; ","")&IF(IFERROR(IF(ISNUMBER(MATCH(TRIM(I511),Lists!$A$2:$A$20,0)),0,1),1)=1,"State; ","")&IF(IFERROR(IF(AND(LEN(K511)=10,VALUE(LEFT(K511,FIND("/",K511)-1))>=1,VALUE(LEFT(K511,FIND("/",K511)-1))<=31,VALUE(LEFT(MID(K511,FIND("/",K511)+1,10),FIND("/",MID(K511,FIND("/",K511)+1,10))-1))>=1,VALUE(LEFT(MID(K511,FIND("/",K511)+1,10),FIND("/",MID(K511,FIND("/",K511)+1,10))-1))<=12,VALUE(LEFT(K511,FIND("/",K511)-1))<=DAY(EOMONTH(DATE(VALUE(MID(MID(K511,FIND("/",K511)+1,10),FIND("/",MID(K511,FIND("/",K511)+1,10))+1,4)),VALUE(LEFT(MID(K511,FIND("/",K511)+1,10),FIND("/",MID(K511,FIND("/",K511)+1,10))-1)),1),0))),0,1),1)=1,"Date; ","")&IF(IFERROR(IF(M511>=0,0,1),1)=1,"Amount; ","")&IF(IFERROR(IF(ISNUMBER(MATCH(N511,Lists!$B$2:$B$7,0)),0,1),1)=1,"Payment; ",""))) | R511: =IF(D511="","",IF(COUNTIFS($D$2:$D$701,D511,$E$2:$E$701,E511)>1,"DUPLICATE","Unique"))
A512: 511 | O512: =IFERROR(LEN(C512&D512&E512&F512&G512&H512&I512&J512&K512&L512&M512&N512)/5,0) -> 0 | P512: =IF(OR(D512="",C512=""),"",IF((IFERROR(IF(AND(TRIM(D512)=D512,LEN(D512)>0),0,1),1)+IFERROR(IF(AND(LEN(E512)=10,ISNUMBER(VALUE(E512))),0,1),1)+IFERROR(IF(AND(ISNUMBER(SEARCH("@",F512)),ISNUMBER(SEARCH(".",F512))),0,1),1)+IFERROR(IF(AND(LEN(J512)=6,ISNUMBER(VALUE(J512))),0,1),1)+IFERROR(IF(ISNUMBER(MATCH(TRIM(I512),Lists!$A$2:$A$20,0)),0,1),1)+IFERROR(IF(AND(LEN(K512)=10,VALUE(LEFT(K512,FIND("/",K512)-1))>=1,VALUE(LEFT(K512,FIND("/",K512)-1))<=31,VALUE(LEFT(MID(K512,FIND("/",K512)+1,10),FIND("/",MID(K512,FIND("/",K512)+1,10))-1))>=1,VALUE(LEFT(MID(K512,FIND("/",K512)+1,10),FIND("/",MID(K512,FIND("/",K512)+1,10))-1))<=12,VALUE(LEFT(K512,FIND("/",K512)-1))<=DAY(EOMONTH(DATE(VALUE(MID(MID(K512,FIND("/",K512)+1,10),FIND("/",MID(K512,FIND("/",K512)+1,10))+1,4)),VALUE(LEFT(MID(K512,FIND("/",K512)+1,10),FIND("/",MID(K512,FIND("/",K512)+1,10))-1)),1),0))),0,1),1)+IFERROR(IF(M512>=0,0,1),1)+IFERROR(IF(ISNUMBER(MATCH(N512,Lists!$B$2:$B$7,0)),0,1),1))=0,"OK","ERROR")) | Q512: =IF(D512="","",TRIM(IF(IFERROR(IF(AND(TRIM(D512)=D512,LEN(D512)>0),0,1),1)=1,"Name; ","")&IF(IFERROR(IF(AND(LEN(E512)=10,ISNUMBER(VALUE(E512))),0,1),1)=1,"Phone; ","")&IF(IFERROR(IF(AND(ISNUMBER(SEARCH("@",F512)),ISNUMBER(SEARCH(".",F512))),0,1),1)=1,"Email; ","")&IF(IFERROR(IF(AND(LEN(J512)=6,ISNUMBER(VALUE(J512))),0,1),1)=1,"Pincode; ","")&IF(IFERROR(IF(ISNUMBER(MATCH(TRIM(I512),Lists!$A$2:$A$20,0)),0,1),1)=1,"State; ","")&IF(IFERROR(IF(AND(LEN(K512)=10,VALUE(LEFT(K512,FIND("/",K512)-1))>=1,VALUE(LEFT(K512,FIND("/",K512)-1))<=31,VALUE(LEFT(MID(K512,FIND("/",K512)+1,10),FIND("/",MID(K512,FIND("/",K512)+1,10))-1))>=1,VALUE(LEFT(MID(K512,FIND("/",K512)+1,10),FIND("/",MID(K512,FIND("/",K512)+1,10))-1))<=12,VALUE(LEFT(K512,FIND("/",K512)-1))<=DAY(EOMONTH(DATE(VALUE(MID(MID(K512,FIND("/",K512)+1,10),FIND("/",MID(K512,FIND("/",K512)+1,10))+1,4)),VALUE(LEFT(MID(K512,FIND("/",K512)+1,10),FIND("/",MID(K512,FIND("/",K512)+1,10))-1)),1),0))),0,1),1)=1,"Date; ","")&IF(IFERROR(IF(M512>=0,0,1),1)=1,"Amount; ","")&IF(IFERROR(IF(ISNUMBER(MATCH(N512,Lists!$B$2:$B$7,0)),0,1),1)=1,"Payment; ",""))) | R512: =IF(D512="","",IF(COUNTIFS($D$2:$D$701,D512,$E$2:$E$701,E512)>1,"DUPLICATE","Unique"))
A513: 512 | O513: =IFERROR(LEN(C513&D513&E513&F513&G513&H513&I513&J513&K513&L513&M513&N513)/5,0) -> 0 | P513: =IF(OR(D513="",C513=""),"",IF((IFERROR(IF(AND(TRIM(D513)=D513,LEN(D513)>0),0,1),1)+IFERROR(IF(AND(LEN(E513)=10,ISNUMBER(VALUE(E513))),0,1),1)+IFERROR(IF(AND(ISNUMBER(SEARCH("@",F513)),ISNUMBER(SEARCH(".",F513))),0,1),1)+IFERROR(IF(AND(LEN(J513)=6,ISNUMBER(VALUE(J513))),0,1),1)+IFERROR(IF(ISNUMBER(MATCH(TRIM(I513),Lists!$A$2:$A$20,0)),0,1),1)+IFERROR(IF(AND(LEN(K513)=10,VALUE(LEFT(K513,FIND("/",K513)-1))>=1,VALUE(LEFT(K513,FIND("/",K513)-1))<=31,VALUE(LEFT(MID(K513,FIND("/",K513)+1,10),FIND("/",MID(K513,FIND("/",K513)+1,10))-1))>=1,VALUE(LEFT(MID(K513,FIND("/",K513)+1,10),FIND("/",MID(K513,FIND("/",K513)+1,10))-1))<=12,VALUE(LEFT(K513,FIND("/",K513)-1))<=DAY(EOMONTH(DATE(VALUE(MID(MID(K513,FIND("/",K513)+1,10),FIND("/",MID(K513,FIND("/",K513)+1,10))+1,4)),VALUE(LEFT(MID(K513,FIND("/",K513)+1,10),FIND("/",MID(K513,FIND("/",K513)+1,10))-1)),1),0))),0,1),1)+IFERROR(IF(M513>=0,0,1),1)+IFERROR(IF(ISNUMBER(MATCH(N513,Lists!$B$2:$B$7,0)),0,1),1))=0,"OK","ERROR")) | Q513: =IF(D513="","",TRIM(IF(IFERROR(IF(AND(TRIM(D513)=D513,LEN(D513)>0),0,1),1)=1,"Name; ","")&IF(IFERROR(IF(AND(LEN(E513)=10,ISNUMBER(VALUE(E513))),0,1),1)=1,"Phone; ","")&IF(IFERROR(IF(AND(ISNUMBER(SEARCH("@",F513)),ISNUMBER(SEARCH(".",F513))),0,1),1)=1,"Email; ","")&IF(IFERROR(IF(AND(LEN(J513)=6,ISNUMBER(VALUE(J513))),0,1),1)=1,"Pincode; ","")&IF(IFERROR(IF(ISNUMBER(MATCH(TRIM(I513),Lists!$A$2:$A$20,0)),0,1),1)=1,"State; ","")&IF(IFERROR(IF(AND(LEN(K513)=10,VALUE(LEFT(K513,FIND("/",K513)-1))>=1,VALUE(LEFT(K513,FIND("/",K513)-1))<=31,VALUE(LEFT(MID(K513,FIND("/",K513)+1,10),FIND("/",MID(K513,FIND("/",K513)+1,10))-1))>=1,VALUE(LEFT(MID(K513,FIND("/",K513)+1,10),FIND("/",MID(K513,FIND("/",K513)+1,10))-1))<=12,VALUE(LEFT(K513,FIND("/",K513)-1))<=DAY(EOMONTH(DATE(VALUE(MID(MID(K513,FIND("/",K513)+1,10),FIND("/",MID(K513,FIND("/",K513)+1,10))+1,4)),VALUE(LEFT(MID(K513,FIND("/",K513)+1,10),FIND("/",MID(K513,FIND("/",K513)+1,10))-1)),1),0))),0,1),1)=1,"Date; ","")&IF(IFERROR(IF(M513>=0,0,1),1)=1,"Amount; ","")&IF(IFERROR(IF(ISNUMBER(MATCH(N513,Lists!$B$2:$B$7,0)),0,1),1)=1,"Payment; ",""))) | R513: =IF(D513="","",IF(COUNTIFS($D$2:$D$701,D513,$E$2:$E$701,E513)>1,"DUPLICATE","Unique"))
... A701: 700 | O701: =IFERROR(LEN(C701&D701&E701&F701&G701&H701&I701&J701&K701&L701&M701&N701)/5,0) -> 0 | P701: =IF(OR(D701="",C701=""),"",IF((IFERROR(IF(AND(TRIM(D701)=D701,LEN(D701)>0),0,1),1)+IFERROR(IF(AND(LEN(E701)=10,ISNUMBER(VALUE(E701))),0,1),1)+IFERROR(IF(AND(ISNUMBER(SEARCH("@",F701)),ISNUMBER(SEARCH(".",F701))),0,1),1)+IFERROR(IF(AND(LEN(J701)=6,ISNUMBER(VALUE(J701))),0,1),1)+IFERROR(IF(ISNUMBER(MATCH(TRIM(I701),Lists!$A$2:$A$20,0)),0,1),1)+IFERROR(IF(AND(LEN(K701)=10,VALUE(LEFT(K701,FIND("/",K701)-1))>=1,VALUE(LEFT(K701,FIND("/",K701)-1))<=31,VALUE(LEFT(MID(K701,FIND("/",K701)+1,10),FIND("/",MID(K701,FIND("/",K701)+1,10))-1))>=1,VALUE(LEFT(MID(K701,FIND("/",K701)+1,10),FIND("/",MID(K701,FIND("/",K701)+1,10))-1))<=12,VALUE(LEFT(K701,FIND("/",K701)-1))<=DAY(EOMONTH(DATE(VALUE(MID(MID(K701,FIND("/",K701)+1,10),FIND("/",MID(K701,FIND("/",K701)+1,10))+1,4)),VALUE(LEFT(MID(K701,FIND("/",K701)+1,10),FIND("/",MID(K701,FIND("/",K701)+1,10))-1)),1),0))),0,1),1)+IFERROR(IF(M701>=0,0,1),1)+IFERROR(IF(ISNUMBER(MATCH(N701,Lists!$B$2:$B$7,0)),0,1),1))=0,"OK","ERROR")) | Q701: =IF(D701="","",TRIM(IF(IFERROR(IF(AND(TRIM(D701)=D701,LEN(D701)>0),0,1),1)=1,"Name; ","")&IF(IFERROR(IF(AND(LEN(E701)=10,ISNUMBER(VALUE(E701))),0,1),1)=1,"Phone; ","")&IF(IFERROR(IF(AND(ISNUMBER(SEARCH("@",F701)),ISNUMBER(SEARCH(".",F701))),0,1),1)=1,"Email; ","")&IF(IFERROR(IF(AND(LEN(J701)=6,ISNUMBER(VALUE(J701))),0,1),1)=1,"Pincode; ","")&IF(IFERROR(IF(ISNUMBER(MATCH(TRIM(I701),Lists!$A$2:$A$20,0)),0,1),1)=1,"State; ","")&IF(IFERROR(IF(AND(LEN(K701)=10,VALUE(LEFT(K701,FIND("/",K701)-1))>=1,VALUE(LEFT(K701,FIND("/",K701)-1))<=31,VALUE(LEFT(MID(K701,FIND("/",K701)+1,10),FIND("/",MID(K701,FIND("/",K701)+1,10))-1))>=1,VALUE(LEFT(MID(K701,FIND("/",K701)+1,10),FIND("/",MID(K701,FIND("/",K701)+1,10))-1))<=12,VALUE(LEFT(K701,FIND("/",K701)-1))<=DAY(EOMONTH(DATE(VALUE(MID(MID(K701,FIND("/",K701)+1,10),FIND("/",MID(K701,FIND("/",K701)+1,10))+1,4)),VALUE(LEFT(MID(K701,FIND("/",K701)+1,10),FIND("/",MID(K701,FIND("/",K701)+1,10))-1)),1),0))),0,1),1)=1,"Date; ","")&IF(IFERROR(IF(M701>=0,0,1),1)=1,"Amount; ","")&IF(IFERROR(IF(ISNUMBER(MATCH(N701,Lists!$B$2:$B$7,0)),0,1),1)=1,"Payment; ",""))) | R701: =IF(D701="","",IF(COUNTIFS($D$2:$D$701,D701,$E$2:$E$701,E701)>1,"DUPLICATE","Unique"))

Sheet Speed_Accuracy_Tracker
A1: Speed & Accuracy Tracker
A2: Batch-wise typing speed (WPM) and data-entry accuracy, sourced live from Data_Entry sheet
A4: Batch_No | B4: Records_Entered | C4: Start_Time | D4: End_Time | E4: Duration_Min | F4: Total_Words | G4: WPM (Words/Min) | H4: Errors_Found | I4: Accuracy %
A5: 1 | B5: 50 | C5: 09:00:00 | D5: 09:41:26 | E5: =(TIMEVALUE(D5)-TIMEVALUE(C5))*1440 -> 41.433333 | F5: =SUMIF(Data_Entry!$B$2:$B$701,A5,Data_Entry!$O$2:$O$701) -> 1367.4 | G5: =IFERROR(F5/E5,0) -> 33.002414 | H5: =COUNTIFS(Data_Entry!$B$2:$B$701,A5,Data_Entry!$P$2:$P$701,"ERROR") -> 3 | I5: =IFERROR((B5-H5)/B5,0) -> 0.94
A6: 2 | B6: 50 | C6: 09:46:26 | D6: 10:26:32 | E6: =(TIMEVALUE(D6)-TIMEVALUE(C6))*1440 -> 40.1 | F6: =SUMIF(Data_Entry!$B$2:$B$701,A6,Data_Entry!$O$2:$O$701) -> 1362.6 | G6: =IFERROR(F6/E6,0) -> 33.98005 | H6: =COUNTIFS(Data_Entry!$B$2:$B$701,A6,Data_Entry!$P$2:$P$701,"ERROR") -> 3 | I6: =IFERROR((B6-H6)/B6,0) -> 0.94
A7: 3 | B7: 50 | C7: 10:31:32 | D7: 11:10:36 | E7: =(TIMEVALUE(D7)-TIMEVALUE(C7))*1440 -> 39.066667 | F7: =SUMIF(Data_Entry!$B$2:$B$701,A7,Data_Entry!$O$2:$O$701) -> 1367 | G7: =IFERROR(F7/E7,0) -> 34.991468 | H7: =COUNTIFS(Data_Entry!$B$2:$B$701,A7,Data_Entry!$P$2:$P$701,"ERROR") -> 2 | I7: =IFERROR((B7-H7)/B7,0) -> 0.96
A8: 4 | B8: 50 | C8: 11:15:36 | D8: 11:54:25 | E8: =(TIMEVALUE(D8)-TIMEVALUE(C8))*1440 -> 38.816667 | F8: =SUMIF(Data_Entry!$B$2:$B$701,A8,Data_Entry!$O$2:$O$701) -> 1358 | G8: =IFERROR(F8/E8,0) -> 34.984972 | H8: =COUNTIFS(Data_Entry!$B$2:$B$701,A8,Data_Entry!$P$2:$P$701,"ERROR") -> 0 | I8: =IFERROR((B8-H8)/B8,0) -> 1
A9: 5 | B9: 50 | C9: 11:59:25 | D9: 12:37:18 | E9: =(TIMEVALUE(D9)-TIMEVALUE(C9))*1440 -> 37.883333 | F9: =SUMIF(Data_Entry!$B$2:$B$701,A9,Data_Entry!$O$2:$O$701) -> 1363.4 | G9: =IFERROR(F9/E9,0) -> 35.989441 | H9: =COUNTIFS(Data_Entry!$B$2:$B$701,A9,Data_Entry!$P$2:$P$701,"ERROR") -> 0 | I9: =IFERROR((B9-H9)/B9,0) -> 1
A10: 6 | B10: 50 | C10: 12:42:18 | D10: 13:19:20 | E10: =(TIMEVALUE(D10)-TIMEVALUE(C10))*1440 -> 37.033333 | F10: =SUMIF(Data_Entry!$B$2:$B$701,A10,Data_Entry!$O$2:$O$701) -> 1333.2 | G10: =IFERROR(F10/E10,0) -> 36 | H10: =COUNTIFS(Data_Entry!$B$2:$B$701,A10,Data_Entry!$P$2:$P$701,"ERROR") -> 1 | I10: =IFERROR((B10-H10)/B10,0) -> 0.98
A11: 7 | B11: 50 | C11: 13:24:20 | D11: 14:01:03 | E11: =(TIMEVALUE(D11)-TIMEVALUE(C11))*1440 -> 36.716667 | F11: =SUMIF(Data_Entry!$B$2:$B$701,A11,Data_Entry!$O$2:$O$701) -> 1358.6 | G11: =IFERROR(F11/E11,0) -> 37.00227 | H11: =COUNTIFS(Data_Entry!$B$2:$B$701,A11,Data_Entry!$P$2:$P$701,"ERROR") -> 2 | I11: =IFERROR((B11-H11)/B11,0) -> 0.96
A12: 8 | B12: 50 | C12: 14:06:03 | D12: 14:43:23 | E12: =(TIMEVALUE(D12)-TIMEVALUE(C12))*1440 -> 37.333333 | F12: =SUMIF(Data_Entry!$B$2:$B$701,A12,Data_Entry!$O$2:$O$701) -> 1381.2 | G12: =IFERROR(F12/E12,0) -> 36.996429 | H12: =COUNTIFS(Data_Entry!$B$2:$B$701,A12,Data_Entry!$P$2:$P$701,"ERROR") -> 3 | I12: =IFERROR((B12-H12)/B12,0) -> 0.94
A13: 9 | B13: 50 | C13: 14:48:23 | D13: 15:24:24 | E13: =(TIMEVALUE(D13)-TIMEVALUE(C13))*1440 -> 36.016667 | F13: =SUMIF(Data_Entry!$B$2:$B$701,A13,Data_Entry!$O$2:$O$701) -> 1368.6 | G13: =IFERROR(F13/E13,0) -> 37.999075 | H13: =COUNTIFS(Data_Entry!$B$2:$B$701,A13,Data_Entry!$P$2:$P$701,"ERROR") -> 2 | I13: =IFERROR((B13-H13)/B13,0) -> 0.96
A14: 10 | B14: 50 | C14: 15:29:24 | D14: 16:04:17 | E14: =(TIMEVALUE(D14)-TIMEVALUE(C14))*1440 -> 34.883333 | F14: =SUMIF(Data_Entry!$B$2:$B$701,A14,Data_Entry!$O$2:$O$701) -> 1360.2 | G14: =IFERROR(F14/E14,0) -> 38.992833 | H14: =COUNTIFS(Data_Entry!$B$2:$B$701,A14,Data_Entry!$P$2:$P$701,"ERROR") -> 0 | I14: =IFERROR((B14-H14)/B14,0) -> 1
A15: TOTAL / AVERAGE | B15: =SUM(B5:B14) -> 500 | E15: =SUM(E5:E14) -> 379.28333 | F15: =SUM(F5:F14) -> 13620.2 | G15: =IFERROR(F15/E15,0) -> 35.910357 | H15: =SUM(H5:H14) -> 16 | I15: =IFERROR((B15-H15)/B15,0) -> 0.968
A17: Note: Word_Count uses the standard typing-test convention (1 word = 5 characters, including spaces).
A18: Yellow cells (Start_Time / End_Time) are the only manual inputs on this sheet - all other values recalculate automatically.
